-1065,341,-547,4872,-172,16960,1
-1264,116,-330,5020,176,17032,2
-826,-1,-1048,4812,440,16672,3
2573,362,-3953,4456,3256,17928,4
2589,-3712,-10000,652,14764,17908,5
-2199,131,3280,-1512,8068,13856,6
-2109,1786,18115,-2000,-32768,17008,7
2943,-1237,735,9356,-9796,14024,8
-2333,2480,-627,5244,2744,17188,9
-1028,-212,-2210,4048,3364,18204,10
-924,251,-337,-10180,8372,9052,0
-928,242,-320,-10264,8272,9020,0
-930,252,-318,-10204,8248,8812,0
-917,0,-300,-10148,8168,8972,0
-914,509,-338,-10212,8300,8788,0
-921,249,-301,-10292,7960,8824,0
-935,5,-335,-10228,8320,9176,0
-936,254,-344,-10392,8376,8912,0
-921,256,-315,-10448,8296,9064,0
-951,272,-344,-10212,8300,8964,0
-1087,147,-444,7164,-1132,16356,1
-1232,-19,-1085,7340,-940,15868,2
-438,224,-1253,7132,1792,15304,3
360,1205,331,7012,1876,16384,4
2050,-3603,-11824,8928,13252,15700,5
-11133,3468,17336,3044,11732,10664,6
772,-3691,17856,5812,-15168,19620,7
2165,3953,6110,8472,-12080,12412,8
-6,583,-640,6996,-2804,17008,9
-1894,18,-310,6808,-3348,17224,10
-928,240,-325,-10224,8264,8784,0
-937,264,-331,-10152,8312,9064,0
-922,0,-298,-10444,8368,8792,0
-938,237,-309,-10296,8264,8960,0
-919,269,-306,-10228,8300,8772,0
-918,230,-343,-10112,8260,9020,0
-950,10,-316,-10248,8284,9088,0
-929,235,-324,-10224,8300,8704,0
-924,231,-334,-10208,8316,8928,0
-928,498,-283,-10280,8332,9188,0
-1028,622,-430,7984,-72,15856,1
-1646,530,-182,8252,-744,16328,2
-847,257,-993,7844,-308,15920,3
-29,245,-2624,7360,-84,16668,4
-193,-850,-4198,6464,4320,16500,5
2668,-4044,-3225,4168,13996,14384,6
-6384,2604,20077,-1012,12088,16484,7
-4571,-9705,21340,5804,-32768,32767,8
6371,2117,-1639,11068,-4408,12472,9
-2855,1129,1562,4596,-2572,19176,10
-870,456,-718,8632,1132,16596,1
-1106,106,-619,8264,1352,15324,2
-475,981,-1457,7796,1856,16356,3
3608,3295,4110,4804,14648,15464,4
-18157,1841,23167,-1436,14284,8276,5
-4884,-12098,19649,4292,-22696,11832,6
7054,5128,8133,1904,-9892,14372,7
-4697,1024,-2515,12472,-3116,16624,8
-2738,374,-1997,8224,-4324,14756,9
-539,-91,198,8392,-4864,15040,10
-706,787,-105,6672,2756,15812,1
-1115,1046,117,7668,1120,16236,2
-2931,4827,156,6860,1496,16704,3
-2960,5097,941,4528,-76,19532,4
-943,1366,-230,5428,1028,16608,5
-266,1779,-1255,5024,836,16244,6
-1158,4486,-3562,4064,11864,16324,7
-7224,4612,15047,-3960,17176,13344,8
1766,-4507,17146,-36,-27280,19796,9
-3680,-3214,2751,6184,-7196,11380,10
-1066,77,-732,5320,940,16216,1
-1124,207,-213,4880,1396,17152,2
-1490,-150,-236,4892,252,16996,3
190,893,-1116,4352,3072,18256,4
2503,-5376,-7052,-5976,32767,17212,5
-16720,-4917,24675,-8632,-22048,11968,6
-626,-5215,14711,11032,-24060,14736,7
-7554,2749,-2992,11240,-15928,11568,8
4448,4288,-4396,1444,1280,17860,9
-702,35,-645,3548,-2380,16688,10
-1515,267,-230,4828,936,16996,1
-1165,247,-507,4748,952,16932,2
-1448,255,3,3692,6864,17464,3
-5742,2283,-730,2860,8512,14392,4
-8522,71,2896,944,-2036,18160,5
-197,-881,-2448,6460,-2056,15756,6
-1013,2760,828,4112,-5732,19224,7
-105,-394,-305,3940,-4112,18320,8
-1363,-2070,2560,4572,-3552,16400,9
-1494,743,2711,7016,-8320,15780,10
-972,96,-626,7500,1336,15876,1
-659,184,-357,7624,668,15988,2
-1014,98,-344,7404,1052,15980,3
-2175,206,-714,6992,1336,16560,4
-1391,-262,-720,3700,5988,19400,5
-459,-911,4611,2012,7620,17232,6
1016,1030,12347,836,3228,15188,7
-4498,-9651,15640,11684,-12824,9320,8
7934,-2484,10772,11492,-11852,10912,9
-1856,-701,954,10628,-3400,15848,10
-1318,-54,-551,6304,1124,16572,1
-802,306,-111,6280,1032,15892,2
-984,125,-326,6112,1276,17140,3
-118,-88,262,5468,3692,16688,4
456,-1268,3033,3920,5996,17000,5
-212,769,5997,4516,3688,16104,6
-3952,2046,6767,5828,296,15936,7
-2742,-2552,3607,6836,-2568,15576,8
591,-3523,6976,8084,-2980,14396,9
-2290,-5300,7215,11604,-6376,12400,10
-957,253,-377,-10248,8396,8880,0
-912,6,-321,-10228,8240,8784,0
-947,253,-298,-10196,8288,9020,0
-928,277,-350,-10156,8172,8884,0
-954,247,-332,-10308,8372,9156,0
-922,271,-308,-10224,8244,8856,0
-935,238,-317,-10232,8316,8924,0
-918,249,-317,-10352,8308,8796,0
-914,270,-314,-10240,8244,8776,0
-932,234,-307,-10176,8272,9180,0
-920,309,-583,7944,1764,15292,1
-821,-97,-386,7764,1928,15252,2
-521,-119,-1648,4944,5932,16888,3
-8071,-1609,251,80,13672,14620,4
-11030,-3101,24675,-1336,-16192,19532,5
-3323,-10967,8558,22124,-26120,6840,6
11739,11946,5398,10744,-3000,5744,7
-3993,1644,-2593,6404,-692,18160,8
-2255,-1571,195,7624,-3188,16032,9
-1138,-311,-413,8460,-4404,15208,10
-974,254,-386,-10236,8296,9088,0
-900,234,-308,-10128,8328,8796,0
-922,236,-294,-10228,8272,9020,0
-916,253,-330,-10024,8424,8984,0
-949,252,-322,-10104,8392,8904,0
-937,2,-292,-10200,8284,9044,0
-940,253,-310,-10288,8320,9196,0
-942,228,-288,-10204,8196,8964,0
-910,243,-346,-10232,8372,8812,0
-932,254,-330,-10252,8252,9040,0
-840,-338,-313,6228,-1524,16344,1
1431,-897,-986,5584,1144,17316,2
824,-2669,-4841,3184,3732,16768,3
1093,-3576,2225,1752,11664,18304,4
3633,-6784,12855,-1512,1448,26364,5
-17741,-25567,16508,12876,-18272,-264,6
5370,-2555,5959,18616,-13020,56,7
1363,6721,-1442,10944,-3496,10616,8
1226,618,-2024,13088,-4192,12608,9
278,1896,-1146,13252,-5296,11668,10
-729,1269,2222,3216,668,17060,1
-2040,-615,48,2576,2464,15872,2
-5385,-2713,710,2352,3052,15932,3
727,-3317,-268,224,6992,17520,4
-305,2169,7597,-1608,10540,24088,5
-391,3192,11981,-2188,-3996,26520,6
-5446,-8146,6726,11300,-22120,12348,7
8890,2625,2972,9248,-7764,6680,8
-4205,-1652,-2351,5184,800,18576,9
-1907,-1742,1535,6464,-636,15872,10
-991,274,-29,3748,740,17764,1
-359,-1768,-324,3480,1132,16864,2
-1117,-2593,-1177,2620,4724,17184,3
-1916,-213,3280,80,6940,18148,4
-2320,-98,6853,-896,2652,18444,5
-2365,-1232,6892,2804,-2180,26504,6
3684,-3166,8826,6112,-4832,15308,7
1466,-1031,7200,6912,-2624,13096,8
2156,1942,7800,6856,-4188,15576,9
598,132,1432,6724,-4328,15552,10
-794,-127,-799,5516,-376,16816,1
-906,-437,-1185,5492,-584,16932,2
-568,-1684,-1839,4324,864,15964,3
5083,-5214,-4802,-2208,10444,19644,4
9362,-1965,8461,-6872,26804,14788,5
-13171,-2752,32767,-2040,-28476,17196,6
-433,-6150,10538,18888,-21512,7336,7
3235,369,-833,10740,-7888,11432,8
3113,3687,-1327,6420,-1580,16244,9
-359,-107,122,7112,-3088,16192,10
653,-1202,81,3724,3040,16284,1
5398,-2667,-2129,3188,6232,15608,2
6647,-1499,-2806,-824,15372,10660,3
-825,13568,16599,152,22480,12332,4
-7337,620,26827,9660,-25536,16348,5
-997,455,1642,8524,-4672,16092,6
-907,-643,1884,5404,892,17192,7
-246,1395,-126,8284,1380,15712,8
-876,794,159,6428,2596,16232,9
-855,636,-1005,6660,2724,15772,10
-951,624,-154,2420,2000,16560,1
-199,-370,595,-464,5488,17992,2
-3130,627,8423,-1420,7480,15988,3
-978,-932,11672,1620,-1132,19100,4
-4934,-3252,6496,2880,-5032,17544,5
-714,-4869,8338,7016,-10232,12944,6
1502,-2134,5412,6460,-8980,15444,7
-40,-580,6746,4088,-4548,17712,8
-746,1115,1038,6104,-7448,16868,9
-1246,-365,-2824,4676,-1672,17060,10
-837,1264,512,1944,1312,18164,1
-1073,842,-101,2976,1084,17788,2
-1071,-72,-191,4032,380,17108,3
-1347,54,-571,3716,424,17288,4
-1072,-505,-242,2316,2880,17600,5
478,-1290,996,212,4880,18944,6
2444,-1666,3073,-1652,7768,17184,7
4620,499,8057,-3828,10968,25000,8
-8481,-1426,12407,3872,-7180,14348,9
-7718,258,10101,12588,-19080,13788,10
-2273,1578,244,6720,2016,17144,1
-309,92,-467,6960,1620,16456,2
393,-64,-1416,6748,2108,16780,3
1460,-905,-1943,5136,4560,14504,4
2749,-3230,-5706,-632,17464,9880,5
1179,1779,2844,-7664,23708,16576,6
-10863,9046,26605,4024,-32768,28844,7
-2802,-2422,10544,11236,-21212,15524,8
418,-1132,610,8816,-2832,12940,9
-2232,1860,648,4860,-48,19416,10
-1289,496,159,4432,1672,17316,1
-973,-51,-456,4392,1556,16652,2
-358,-22,-693,3840,2320,17032,3
-310,1102,-628,3332,5688,16072,4
-845,2232,1982,1632,8376,15004,5
-2799,2142,3621,1932,8320,15504,6
-8242,-366,6068,-104,2104,19176,7
-3117,-2623,6672,3040,-3644,15504,8
-846,-174,10054,5664,-7544,14408,9
-1807,-417,5704,7276,-9940,16388,10
-1274,28,-547,3688,116,17092,1
-1145,-279,-391,4048,-1108,17976,2
-86,-566,-1519,3420,-148,17500,3
-465,-289,-1695,2920,1892,15812,4
1233,-2374,-2095,-64,5904,17516,5
-783,-1312,-691,-4300,12708,18508,6
-19034,5321,29995,-15112,-6872,29096,7
3346,-11645,8534,18516,-30128,12108,8
5537,1490,-3782,9576,-3028,11088,9
3165,1943,-1719,5348,660,15180,10
-1145,280,-72,4920,-28,16968,1
-349,344,-588,4464,520,17112,2
-709,-61,-946,3904,1924,16336,3
-2306,-2130,-86,1704,2832,17304,4
1421,-522,350,1800,8424,15540,5
-5261,5412,5678,40,5780,19048,6
5274,570,14047,-2444,7108,22060,7
-13461,-6292,18289,4616,-15860,12692,8
3039,-2130,3219,12556,-14412,12556,9
5880,3506,-1542,6628,-1240,13592,10
-950,252,-342,-10292,8400,9020,0
-928,270,-310,-10132,8372,8984,0
-942,249,-292,-10252,7956,9036,0
-911,248,-317,-9996,8312,9156,0
-912,259,-292,-9988,8276,8968,0
-947,252,-355,-10036,8432,9068,0
-961,233,-347,-10292,8244,8860,0
-896,247,-297,-10280,8340,9060,0
-938,244,-318,-10016,8236,9036,0
-938,4,-311,-10208,8176,8728,0
-561,97,-831,4152,2256,16620,1
-1371,88,-25,3804,1772,17600,2
-1155,-624,-150,4240,856,16848,3
190,232,-1639,2020,3488,17652,4
642,-1268,-991,-1760,12320,16332,5
-588,2411,6468,-7784,12628,20488,6
-7942,-3459,21844,1980,-14816,16792,7
-2277,-5199,6497,13460,-17248,18100,8
764,279,-1717,8428,-2320,15716,9
164,1831,-1589,4556,-1028,17640,10
-714,-196,133,3188,564,17700,1
-749,-725,-525,2964,620,18108,2
-388,-1770,-1520,3664,284,17472,3
-693,-1183,-2135,3168,2796,16444,4
2633,-553,-850,360,7332,15960,5
1615,2980,4647,-4212,13276,16820,6
-6404,3466,21729,-7300,1256,20416,7
-12403,-7909,27965,1804,-19544,16860,8
3657,-3696,-1723,13744,-14492,9968,9
5232,4061,-1556,6804,952,11208,10
-885,253,-327,-10192,8264,8948,0
-940,249,-296,-10160,8336,9052,0
-925,258,-329,-10296,8292,9084,0
-921,262,-287,-10192,8640,9044,0
-952,278,-312,-10268,8244,9068,0
-920,229,-309,-10328,8320,8964,0
-939,229,-326,-10448,8272,8988,0
-927,260,-287,-10148,8248,9036,0
-927,220,-324,-10192,8308,8964,0
-913,507,-341,-10192,8280,8768,0
-975,-55,206,5404,2104,16128,1
-2071,82,308,4888,2520,16976,2
-1096,-1398,810,5404,540,17588,3
258,-2654,207,3848,6184,17488,4
-736,-3285,3487,1888,8608,15400,5
1155,-2963,14229,824,6996,11208,6
197,878,10879,11120,-11260,14644,7
625,2340,7654,10416,-9376,15264,8
1558,-149,-1494,8900,-2776,15456,9
344,496,-1878,7228,-112,16088,10
-1468,296,-197,5712,2776,15948,1
-1159,-172,255,5692,2916,16592,2
-1076,-1064,-46,5052,3972,16636,3
-801,-2669,994,3156,6388,15532,4
2438,-5404,3700,180,16048,17720,5
-2992,-3664,23382,172,1568,17336,6
1789,-4277,17595,18120,-18624,7684,7
5426,2460,-1553,14460,-7160,13252,8
-485,2110,-3803,9292,-2088,12976,9
-198,1470,-1892,7760,36,16680,10
-604,-1,-559,4068,3500,16508,1
-1019,46,-576,4036,2148,17072,2
-1039,259,-874,2476,4560,16100,3
3099,-2708,-1841,-2960,9840,17308,4
2217,-2534,5433,-5524,11496,19856,5
-2198,-210,32767,-2720,600,14944,6
-8012,-1625,20714,11888,-25196,14088,7
5387,1963,-4660,10076,-5620,13368,8
-1678,857,-3089,7644,1588,14976,9
-1936,102,1435,5296,-880,18520,10
-525,216,-767,4152,1812,17016,1
-424,479,-872,3964,2636,16564,2
279,957,-1174,3392,2892,16852,3
1478,-119,-103,-1100,8612,19236,4
3350,-3472,6611,-4772,11120,17140,5
6482,-6894,25489,-5596,14024,9408,6
2087,-413,32767,10604,-4808,8208,7
2159,1567,4325,15872,-23356,12644,8
5689,3316,-5850,10036,6960,13876,9
-4994,99,-1589,7824,148,17512,10
-855,-31,-534,3212,656,17868,1
-342,-103,-1080,2868,1956,16368,2
-1261,-4925,-2381,-1064,5976,13540,3
7340,2507,9500,-5952,25324,15184,4
-13379,546,28198,-8380,-4396,12296,5
-4675,-1199,16800,8572,-30368,16388,6
3194,217,-1761,6916,-4552,14136,7
-1811,809,-2715,2604,724,16912,8
-816,-65,240,2328,-1804,18164,9
433,66,-617,3844,-1964,16756,10
-1260,98,-702,4468,1372,16856,1
-807,-60,-68,4788,1200,16784,2
90,-312,-1351,3164,3168,15968,3
4448,-978,367,-628,7476,17948,4
8009,-894,8593,-9248,21200,19384,5
-17016,3307,32767,-3768,-13480,14960,6
-6180,-2169,14289,12424,-23020,14308,7
3549,2876,-658,11840,-7428,19196,8
-982,428,-3658,7688,872,16408,9
-215,-352,-1606,6476,12,16492,10
-925,502,-272,-10200,8340,8940,0
-916,247,-335,-10292,8340,8972,0
-946,242,-335,-10200,8368,9000,0
-935,255,-327,-10316,8212,8996,0
-922,245,-302,-10460,8180,8716,0
-919,261,-343,-10268,8324,8708,0
-921,230,-318,-10420,8252,8828,0
-930,252,-310,-10164,8340,9032,0
-925,249,-286,-10460,8316,8948,0
-914,268,-342,-10132,8296,9116,0
-781,182,-1013,5484,1984,16272,1
-1119,38,-456,5192,1916,17200,2
-1280,142,-878,5256,1460,17116,3
-914,625,-1000,4456,3508,15864,4
593,1921,88,1812,5364,16388,5
712,2749,1767,-1768,9980,16744,6
3358,3077,11891,-5924,9864,24108,7
-5887,-2073,22913,1448,-6968,18304,8
-984,-6071,13113,11756,-16156,15268,9
-1307,-618,-1692,12252,-10244,14400,10
-1240,21,-816,4792,1748,16792,1
-1431,278,-506,4544,1180,17036,2
-1160,381,-333,3884,2064,17312,3
-922,1296,298,2648,2660,16320,4
-1157,3201,4146,856,5000,17932,5
-1198,984,8480,-540,5216,17392,6
-2122,-402,9046,392,596,19340,7
-2446,-2861,11242,4932,-4920,14672,8
1061,497,10273,6156,-2024,16288,9
-274,-1974,5251,10664,-4968,15536,10
-434,160,-831,6352,1972,16680,1
-631,154,-776,6464,2368,16640,2
-475,210,-1351,6004,2640,15980,3
668,1043,-2333,3828,6372,15536,4
3696,-1949,-2805,-9668,18408,12640,5
642,5869,27415,-15552,17408,18804,6
3410,-206,18117,17940,-30788,22092,7
3435,559,653,10768,-6252,12152,8
-558,4126,1484,5468,-592,14828,9
-829,1112,472,4676,1028,17932,10
-952,25,-999,5636,644,16612,1
-816,83,-864,5732,1984,17044,2
-1026,504,-509,5848,1224,17024,3
-1187,-56,-704,4656,1740,15996,4
1959,122,-2402,2756,3692,15652,5
-821,2455,2820,-1524,9368,16252,6
2457,4344,9355,-2516,6572,22856,7
-4173,-1260,27514,408,-872,15772,8
-1990,-3331,15376,11748,-13848,15676,9
1448,3057,5552,10204,-6216,14072,10
-1337,324,-227,5608,824,16872,1
-879,-27,-655,5940,1604,15820,2
-553,1406,-1102,5268,2420,14968,3
359,3200,640,3136,5112,15896,4
-519,3933,2905,-200,4888,17436,5
-3934,2218,8096,-608,8380,16728,6
-4156,1533,14716,88,-2384,20456,7
-2434,-2917,15066,1872,-5092,18860,8
-1203,-5215,11077,3464,-3944,16052,9
-1208,-13,6954,8772,-8092,14648,10
-1013,-512,-870,4408,776,16912,1
-351,-501,-1653,4284,1760,17500,2
-263,-558,-1962,4416,2260,16464,3
49,1040,-2909,2172,4672,15096,4
-1448,-847,-5383,-6908,16860,15540,5
4410,3676,15611,-11864,18224,18844,6
-10822,-4693,28506,9404,-32768,19612,7
2472,-3315,5861,12996,-10528,12900,8
1746,3240,667,6356,-4612,15372,9
-1783,1023,-2046,5636,380,17620,10
-609,-253,187,3812,2880,16668,1
-941,-9,-704,3700,2176,17208,2
-713,-410,-526,3576,2120,16844,3
-313,-237,-1164,2880,3792,16488,4
-14,-1494,-482,772,8288,15324,5
-1773,-2278,8561,-4716,10960,17760,6
-7147,183,23994,-3220,6248,16956,7
-9021,-6373,19763,8820,-21580,14216,8
-586,226,4763,14956,-14868,14860,9
2810,2453,-2377,8152,-4780,15352,10
-1236,-241,-33,4768,3428,16632,1
-1387,82,-889,4660,3132,16708,2
-1107,-113,-1899,3100,5676,15888,3
-2073,-1661,-1529,-2048,12176,15092,4
-2688,3643,9928,-5976,16468,15772,5
-12997,1180,32767,-11352,-2936,10684,6
-1453,-7607,10345,19008,-32768,-2740,7
587,359,-2445,7680,-3192,13648,8
-1991,844,-1625,4168,-840,14936,9
-1482,919,-143,5892,-616,17480,10
-1171,-70,-261,5136,3880,16512,1
-1047,209,-1752,5060,4104,16100,2
-830,99,-2354,4380,4172,15472,3
-1848,733,-2928,3672,5196,14772,4
-3563,-63,-1470,120,13424,12236,5
-3299,3155,13395,-5364,16368,18368,6
-10340,4595,32767,-7568,1732,14924,7
-3221,-8925,25508,7156,-32768,14036,8
-640,1701,-535,14744,-10968,9836,9
569,3428,-4239,8476,1232,15676,10
-1203,523,-2591,4580,2144,16572,1
-1196,198,-2918,3804,2940,17052,2
123,326,-2491,2492,4780,16084,3
1174,-1626,-1606,40,6736,15628,4
-334,-2709,-1268,-5792,14832,19924,5
-9681,-8,25140,-1300,9688,12604,6
-2391,-5266,17091,14820,-28548,16488,7
4707,1199,-1921,13184,-4180,11256,8
1544,2771,-3071,6284,312,15360,9
-605,548,-1550,4524,1512,18252,10
-807,508,-698,2532,3640,16956,1
-1158,-133,-612,2248,4144,16736,2
-1703,75,-269,2052,3716,16280,3
-1933,-1203,-773,280,6072,16996,4
-3380,561,810,-2660,11048,15288,5
2171,4639,9388,-6392,15300,18792,6
-14847,-2471,22652,-160,-18440,17932,7
279,-2604,4815,9444,-10180,18232,8
1699,1148,-1991,6384,-1692,15116,9
-46,1059,-1031,3364,1120,16636,10
-640,-683,273,3800,2400,16864,1
-329,63,-42,3728,2924,17068,2
-1489,70,-470,3400,2996,17340,3
-1112,52,633,2964,3320,17400,4
-1251,954,1209,2468,5084,16780,5
608,869,3047,672,7228,17476,6
221,-213,6024,1768,8392,15776,7
580,-1758,5426,1776,5140,17264,8
-5802,727,19150,4420,-2604,13900,9
-890,1776,9413,9628,-13636,17844,10
-635,287,155,4512,4644,16304,1
-276,127,-592,4612,4664,15528,2
-1194,308,-766,4596,3448,15896,3
380,472,-16,4676,4448,16292,4
-435,-397,-254,4516,5336,17404,5
-1799,-1631,-561,2676,5188,15012,6
762,-2186,-156,852,8712,15104,7
1554,-6177,4407,-720,16848,12156,8
-2027,4644,28446,288,4516,14516,9
-11573,-1839,19215,11916,-18884,13072,10
-1082,248,-558,4312,4844,16240,1
-812,180,-602,4044,3976,16316,2
-282,472,-288,3584,4644,15964,3
-691,611,-745,2160,5864,16528,4
280,-1009,-98,64,9760,15584,5
-1257,-1007,6734,-1864,13632,13408,6
502,1266,23528,-4092,7988,18696,7
-9462,1686,31830,-2160,316,10340,8
-1930,-1034,5934,12808,-20064,12640,9
3579,2738,-4081,7372,-4112,14588,10
-526,199,-742,4096,4248,16092,1
-1050,139,-421,3648,4056,16660,2
-697,290,-366,3288,3996,16904,3
-1470,119,-905,1880,5808,16644,4
500,-2561,-3425,-2304,10184,15668,5
-2615,-1125,13085,-6456,16232,13696,6
-14351,4887,32767,-6548,-2744,14660,7
-10279,-9764,12287,12560,-28436,17312,8
2451,1591,-2629,10152,-5484,12940,9
756,3112,-3240,5492,460,16888,10
-572,-19,-239,4452,3356,16532,1
-1263,100,-150,4064,3780,16536,2
-1297,-227,352,3652,4172,16560,3
-475,60,1247,1876,5432,16364,4
-1140,-1270,2251,-408,7524,15664,5
-2528,1270,6783,-1616,8384,18232,6
-8299,1870,32767,-2080,2328,12404,7
-789,-8499,15271,17396,-28412,8760,8
2602,2441,1741,9600,-7264,13976,9
600,2492,-1798,7572,-1176,15168,10
-460,-291,-907,3624,2556,16816,1
-462,428,-338,3236,2888,16844,2
-581,329,-406,3128,3536,16540,3
-390,303,1305,1460,5060,17052,4
1721,714,3120,112,6864,16408,5
884,1212,6857,-1332,7936,16932,6
-1765,1349,15055,500,6096,16720,7
-9561,109,25240,6980,-8984,8804,8
-5780,-3261,14469,8176,-19680,15640,9
-770,744,336,8200,-5944,16584,10
-632,-529,-1204,4212,3532,16768,1
-705,-277,-1078,3864,3904,16100,2
-1163,242,-1542,2576,4484,15116,3
419,-1908,-385,-4428,13508,16208,4
-58,1445,14582,-7380,15916,15256,5
-16806,-183,32767,-1864,-28228,19252,6
402,-4691,6039,13644,-17336,14148,7
2653,3679,-598,8940,-6084,13468,8
-3247,-132,-1385,5548,-1180,18140,9
-1874,-169,-96,5444,-812,17204,10
-761,172,-573,3292,2176,16768,1
-657,354,-459,2760,2912,16316,2
879,569,-273,1632,3348,17412,3
-74,2630,2718,-1476,7600,17040,4
-3865,1034,7977,-1412,4432,17460,5
-5127,-1785,7841,-768,-1236,18724,6
-796,-2306,9512,1428,768,19408,7
-4607,-2114,12796,1548,-5256,17528,8
-2324,-5216,8723,7192,-6900,14464,9
-1650,-7,4541,9388,-8696,14408,10
-1448,-570,-1251,4512,3164,15472,1
-2558,171,-3032,3688,620,17804,2
593,544,-4641,2948,4500,16112,3
3384,1668,-5038,-2964,12044,17652,4
496,-2379,6771,-5592,15808,15536,5
-15097,-2749,32767,-5904,-7036,12268,6
-6313,-9837,21076,18148,-24596,4996,7
3203,5198,-609,11760,-9520,14000,8
-489,2252,-2597,6640,-1456,16476,9
-916,158,-991,6148,-1620,17640,10
-892,1004,-40,-192,3256,17048,1
-820,832,-351,-108,3668,16688,2
-1014,450,-57,-576,3956,16700,3
-889,1294,385,-2000,6388,15532,4
-2166,-965,1400,-4904,7592,15048,5
-1230,-4040,6059,-10440,13484,19460,6
-10181,1617,29434,-10268,5852,15912,7
-5820,-7344,18166,13332,-22436,13628,8
1950,2316,1301,8936,-9700,15384,9
-930,1550,-1242,3876,-816,18040,10
-1945,-728,-821,760,3740,18576,1
-490,-443,-354,860,2476,16820,2
89,-285,-653,492,3012,16416,3
178,-660,-427,-1736,4308,17904,4
697,-269,1569,-2736,6388,16556,5
-1835,-3285,5530,-2084,11404,15844,6
-7096,-3415,32767,-6108,6624,11860,7
-15054,-6362,32469,3340,-30264,18884,8
1529,1099,-4043,12712,-11440,14380,9
4815,3844,-5432,4620,-2344,16492,10
-866,-90,-769,1416,4192,16128,1
-1213,173,-795,352,5492,15956,2
-678,-191,1792,-2276,7316,15840,3
-2299,1040,8649,-3636,7800,17320,4
-7482,-560,18373,-5772,6108,20840,5
-10622,-5292,22385,-1300,-3824,16916,6
-13400,-7807,22435,4512,-21800,11188,7
-1375,373,6147,9336,-15836,12836,8
3175,3048,-563,6352,-6348,16012,9
-2916,-999,-1919,4968,-3940,17488,10
-1427,-322,-2291,3324,3616,16848,1
-315,-80,-1912,2280,4964,17132,2
237,287,-2811,2556,4440,15560,3
-177,212,-1542,1344,5156,16940,4
120,-887,612,-1028,7724,16292,5
-1566,-2074,3191,-3208,6744,14900,6
2096,542,13030,-7236,15040,17400,7
-14530,209,32767,-9696,-4572,20404,8
-9425,-10934,27237,9976,-23832,21616,9
25,2093,-588,10732,-13972,12728,10
-1169,-491,-1044,3512,3280,17060,1
-1180,-392,-1758,3484,2896,16924,2
-853,569,-1204,2148,4452,16052,3
163,1953,468,640,5740,15880,4
3933,3509,3683,-2868,9660,15892,5
-6547,2183,13256,-4416,8404,16632,6
-5357,-594,20549,-968,-436,18040,7
-4144,-7436,16939,-1212,-3348,20356,8
-4917,-5569,11376,7860,-12796,14612,9
2851,1033,573,8868,-9160,15400,10
-625,754,-4516,3816,2588,15740,1
-178,1636,-3247,2372,536,17212,2
1250,840,-3090,2784,2800,16964,3
3337,1306,-1831,2008,5136,16380,4
2107,308,-433,-1532,9380,16684,5
-6279,-6839,7532,-6136,14312,16736,6
-3230,-1787,30845,-6388,8000,13704,7
-2860,-12233,27525,7796,-32768,23032,8
657,-4161,1088,14332,-8896,6600,9
3895,4084,-1712,9216,-2128,12712,10
-964,235,-727,4668,812,17008,1
-1097,251,-462,4784,1368,16800,2
-1339,-202,-687,4408,1408,16920,3
-1520,-462,-428,4052,2924,16752,4
43,-1793,-453,2412,10352,17036,5
2317,-1612,15520,-7612,17552,16328,6
-14120,-6077,25081,4896,-32768,17992,7
-1352,-7006,1803,14536,-22576,2004,8
5279,5653,-3085,9128,-6716,8192,9
-3431,181,-2983,6568,-3728,17768,10
-80,777,1104,300,4520,17568,1
-1530,-1021,-1675,-960,4296,18828,2
-1116,-448,-502,800,2404,17040,3
-1328,-316,-403,1464,3492,16320,4
-1921,12,486,944,4516,16844,5
-1495,-900,1628,120,4880,17232,6
-926,-1688,3162,-148,4904,16360,7
-299,-1458,4596,-952,7344,15920,8
-814,-2730,6400,212,3372,15696,9
-5390,-3451,10068,2756,1964,16120,10
-3581,61,-284,2100,4760,16464,1
-1487,130,-537,2332,4248,16992,2
-376,113,-374,2132,5092,16116,3
-710,388,-703,1332,6236,16016,4
1603,-2106,-1715,-1968,9140,15828,5
-3521,-4283,4235,-3660,13708,12760,6
-10236,1361,27424,-6976,6536,15192,7
-13915,-6093,32767,5712,-29952,5628,8
2050,1606,6832,5856,-30596,14052,9
8067,3196,-3598,4096,-2208,12140,10
-1085,91,-574,2472,1140,17392,1
-929,-249,-890,2612,772,17024,2
179,171,-278,2124,948,16932,3
1498,-130,-484,1556,3440,16688,4
2141,-977,-804,-1356,7720,16316,5
683,-1777,1111,-6728,11064,20856,6
-7936,-2105,32767,-10856,4096,16456,7
-8369,-9555,31971,5000,-31488,9772,8
-488,3007,505,11076,-16840,13196,9
4854,3932,-3530,7180,-4920,14184,10
-1433,-460,-871,2572,3088,17292,1
-921,-310,-1329,1068,4196,16888,2
442,89,-235,236,5760,17176,3
2841,-4655,-1420,-5380,11716,16320,4
336,-1966,24168,-9976,17056,15880,5
-18868,-6780,32767,-2236,-27904,720,6
1367,-4407,-2080,17184,-18932,7108,7
-13,3806,-5229,9308,-660,14052,8
-7802,1132,-475,7828,-6028,20200,9
-358,103,-165,7960,-2816,15904,10
-779,826,-361,1544,1648,17516,1
-591,222,-772,1032,1196,17824,2
95,-149,-1027,960,1872,16936,3
-497,-360,-1063,140,3016,16924,4
1513,-1620,1081,-2456,6316,17932,5
1581,-4461,4982,-4236,5560,16512,6
-4473,-3725,27579,-3772,7424,13144,7
-18530,-4989,32767,2524,-11916,18804,8
-1723,-268,9498,10692,-24452,13748,9
4415,593,-9115,8520,-7552,17320,10
-1515,496,-941,2608,1732,16892,1
-906,314,-1955,1540,1732,16924,2
151,1115,-1860,152,2316,17292,3
2391,38,-1940,-2604,7524,18240,4
719,158,5975,-7164,9148,17968,5
-5158,-4727,32767,-10244,9428,12136,6
1249,-11310,32767,7168,-16304,22516,7
-1573,752,517,13232,-15700,11680,8
3776,3305,-4020,6648,-2936,14852,9
-2285,-110,-3366,4720,-2532,18544,10
-1090,759,-2124,2528,336,16208,1
52,886,-1857,1880,856,17904,2
-278,557,-1541,1064,1636,18048,3
1203,910,151,124,2948,18148,4
1200,-479,4179,-2136,5780,17832,5
-2648,-50,12705,-6044,9080,17744,6
-5768,-2038,32767,-12580,11084,12048,7
-12533,-10853,17651,6656,-32768,13048,8
-94,2217,-2090,3336,-13940,14772,9
162,1829,-1218,3876,-2588,16460,10
-1234,452,-1081,2244,192,17180,1
-1101,228,-1204,1908,64,17536,2
-1050,608,-1319,1228,480,16248,3
-619,1699,1014,-5252,7796,19724,4
-2361,-4297,16939,-9228,10172,20748,5
-8583,-9252,32767,-12100,36,12332,6
-13741,-12434,13117,9268,-25812,11528,7
7193,3042,-669,8328,-4876,12888,8
1046,2410,-865,3704,-7232,16180,9
-1669,-318,-1525,3768,-5368,17448,10
-1242,429,-1930,2128,-944,17608,1
-1496,110,-1351,1576,912,17812,2
-949,-570,-452,1488,984,16916,3
1232,222,765,-624,4168,18196,4
-2948,-1954,7493,-3656,4120,17124,5
-679,-2246,18706,-8680,10536,20480,6
-18127,-9228,32767,-4420,-26448,13580,7
698,-3636,6314,8488,-23828,7852,8
4829,2658,-2613,5664,-6056,14520,9
231,-531,-4861,5260,4780,19292,10
-273,-31,1623,1684,1092,17476,1
548,-755,3800,504,3924,17164,2
-1826,-1051,13215,-4720,9352,18500,3
-8210,-4211,31742,-7856,3052,10308,4
-14718,-8008,17652,3780,-25848,11248,5
-1984,-275,-1623,12584,-18648,9268,6
-252,306,-2478,4656,-9520,14544,7
-416,-650,-2716,5020,-6984,16428,8
1201,515,-1674,3388,-5412,16312,9
-650,-42,-1325,3128,-4676,16388,10
-1298,294,442,2244,892,17500,1
679,-298,2867,-748,5616,17556,2
-2358,-2704,8728,-3680,12816,16492,3
-8855,-4364,29427,-9864,16,16452,4
-10436,-10007,15332,1444,-31300,14032,5
3791,238,3316,15512,-9348,11104,6
2049,450,-3246,6944,-5936,14364,7
-3023,96,-2238,4936,-5340,17584,8
-1831,101,-595,4764,-5596,16364,9
-915,442,-1034,4440,-4776,15952,10
6,362,-2345,2580,468,17400,1
-612,-485,-1204,3820,-188,17120,2
-293,-198,-1107,3400,-848,17456,3
571,143,-258,3108,400,16004,4
-687,409,323,264,3224,17280,5
-2142,-521,5310,-916,5644,15532,6
-4182,-286,16377,-4148,4784,21128,7
-16276,-9426,32767,-6892,-8608,11684,8
-3911,-7009,13519,11656,-27032,7280,9
4371,4582,-373,-640,-9308,19620,10
-1027,287,-484,2536,-516,18116,1
-353,-299,271,3036,-1552,17540,2
-1184,-196,-170,3244,-932,16752,3
-603,-544,-44,604,1700,17932,4
-349,-878,4085,-2604,6172,16488,5
-1199,-5183,19363,-8180,9320,19060,6
-16221,-12729,27280,-4312,-31768,8616,7
-655,-5080,8744,11052,-23580,8288,8
2416,2471,-1751,7416,-10488,14928,9
-40,1595,-2626,3840,-5212,17160,10
353,-1032,-508,712,-1408,16816,0
-638,243,-273,1124,20,17360,0
-437,-207,-457,996,-516,17360,0
-356,-897,-330,1324,-232,17056,0
-1008,388,-297,1260,-228,17232,0
-1440,-11,-692,1492,168,17204,0
-1928,611,-634,1500,-168,17196,0
-845,379,-305,1084,-860,17376,0
-666,510,-146,1168,-640,17316,0
91,-185,-183,1016,-1060,17220,0
-233,899,-898,2556,852,17196,1
1548,863,-614,96,3284,18108,2
-199,-1940,4844,-1884,6316,17092,3
-4244,-5499,19104,-5432,7968,18484,4
-10157,-8468,32767,-1832,-8848,11736,5
-13418,-4004,22771,4240,-27356,12520,6
1071,493,14,6676,-17592,13828,7
-175,1108,-4297,4444,-11764,15936,8
-569,377,-3149,4860,-6352,16128,9
-855,-106,-906,4832,-5108,15156,10
-851,356,-487,-6908,7528,12888,0
-4225,3729,-1245,-1464,-6544,17940,0
3226,1404,10017,-2572,-4448,14852,0
9076,-5871,11390,-1152,-2428,14660,0
-2127,-4315,338,528,-580,15720,0
-1293,-572,-3499,432,-1160,15208,0
1121,-228,633,36,-616,16452,0
-2321,-99,-195,-760,-1020,17420,0
-384,-1346,574,-320,-2268,18004,0
-1166,722,-1033,92,-688,17388,0
-1145,-29,139,-6792,7348,12848,0
-998,241,-128,-6980,7356,13168,0
-884,12,-291,-6816,7460,12640,0
-926,318,-261,-6756,7496,13116,0
-903,230,-375,-6484,7380,12580,0
-909,543,-241,-7056,7400,13176,0
-901,217,-313,-6996,7632,12808,0
-870,315,-300,-6792,7920,12868,0
-890,202,-422,-6840,7600,12740,0
-890,202,-422,-6840,7600,12740,0
-1871,957,-3820,1384,456,17188,1
19,725,-2705,1668,456,17512,2
-769,206,-1382,1628,4,16788,3
-1120,671,682,1156,1204,17436,4
630,-116,2897,-1608,2404,17688,5
-2420,-2125,10435,-5380,9412,17672,6
-4422,-13240,31187,-6916,5912,7736,7
3093,-8707,21523,12348,-11548,13464,8
2212,-2254,2514,14804,-13976,13460,9
-22,674,-1211,3972,-7644,13872,10
-914,253,-301,-10180,8240,8840,0
-942,225,-318,-10204,8332,8964,0
-950,213,-348,-10196,8296,8988,0
-950,7,-351,-9992,8372,8852,0
-956,511,-339,-10244,8312,8980,0
-925,235,-305,-10320,8272,8988,0
-932,217,-325,-10188,8324,9196,0
-940,244,-318,-10400,8320,8900,0
-931,253,-322,-10204,8332,9068,0
-945,271,-333,-10304,8264,9028,0
-683,294,-312,3184,-1916,16992,1
-643,29,-22,2988,-1796,17176,2
-794,-60,-161,3016,-1068,17020,3
-1466,-111,1246,2100,-488,16968,4
-5,-102,5079,-152,2004,17736,5
541,-2986,8388,-2652,3224,19040,6
-5906,-7857,17447,-3052,-972,14624,7
-9730,-5344,14606,5288,-11568,8944,8
-1087,-398,7962,8236,-15956,15048,9
1196,1292,-1029,10256,-11732,15904,10
