-1093,206,-316,13936,6432,-7140,1
-1165,351,-39,13660,6556,-7112,1
-1533,117,40,13196,6740,-6600,1
-2799,-1531,2984,19288,-1284,-5188,1
8267,-727,-10765,17252,-21412,-17264,1
9508,9230,-13284,6756,12048,-13620,1
708,4749,-2169,10924,13404,-8192,1
3479,6464,-1774,11304,13100,-6580,1
563,582,3781,13372,7468,-5148,1
-1452,330,-396,15380,7604,-4680,1
-739,147,-144,11652,7640,-8576,0
-696,-149,-553,12076,7868,-9512,0
-1146,427,-180,11968,8008,-9004,0
-1280,316,32,11752,7604,-8220,0
-840,5,-934,11664,8184,-9312,0
-1005,133,-205,12120,8064,-9500,0
-926,-73,-269,11852,7856,-9492,0
-938,268,-136,12024,7888,-8964,0
-922,590,110,11740,7332,-8916,0
-719,-9,-525,11888,8096,-9296,0
-855,281,-407,11524,7728,-9180,1
-1145,118,-424,11564,8016,-9004,1
-1299,65,-371,11624,8056,-9040,1
-1786,697,3217,11960,8484,-7120,1
-5456,-10389,2445,22836,-10276,-13412,1
15868,7685,-17868,15796,-8020,-22336,1
8060,10164,-21500,-2648,17844,-12128,1
-2545,7461,-1159,2584,13124,-5256,1
456,3342,95,9840,7972,-5844,1
124,-2668,-1168,14572,8056,-10940,1
-219,212,-273,12356,7560,-7744,0
-977,407,-293,12820,8272,-8552,0
-1284,441,-402,12380,7472,-7524,0
-847,282,-533,12148,8680,-8484,0
-1156,166,-145,12536,7068,-7944,0
-1019,574,-388,12340,8136,-7764,0
-1016,368,-188,12040,7624,-7716,0
-962,156,-403,12632,8168,-8096,0
-744,169,-510,12708,8232,-8608,0
-1018,337,-201,12500,8036,-7700,0
-1259,1285,266,11704,7228,-9300,1
-784,184,98,11460,6368,-9336,1
-911,110,-696,11544,5276,-8248,1
2503,-2964,4295,16632,-6244,-10428,1
3164,9108,-29434,15056,-3896,-25828,1
10532,23528,-7238,1344,13220,-14164,1
5248,5237,-10847,80,18944,-11456,1
-2887,3406,1243,8168,8928,-4652,1
735,-131,1316,11164,12512,-8176,1
-1179,755,-570,12948,7604,-7796,1
-1361,663,-347,12504,8816,-8200,0
-515,32,-141,11540,7920,-7112,0
-1214,86,-756,12084,9028,-8452,0
-1012,569,116,11972,8824,-8064,0
-360,63,-387,12444,8124,-8476,0
-1374,236,-463,12156,8424,-7444,0
-945,251,-330,12608,8340,-8264,0
-1629,643,329,11872,8240,-7120,0
-809,156,-280,11956,8164,-7300,0
-891,285,-242,12508,8276,-8084,0
-940,98,-337,11168,8672,-9336,1
-1395,-67,-362,11040,8296,-8520,1
-1794,-717,-909,11112,10396,-9236,1
1015,-712,6882,11596,4760,-7740,1
13344,-1789,-11063,27284,-32552,-25720,1
21326,32767,-23793,-5968,14108,-17160,1
7250,10684,-12633,-6716,25332,-3732,1
-3443,6888,4734,7932,14660,-4820,1
1200,1421,1398,12916,9196,-4632,1
338,-1081,-3681,13124,8052,-7768,1
-1279,99,-499,12616,8660,-7716,0
-663,-49,-34,12476,7512,-7296,0
-719,-98,-599,12412,8108,-7888,0
-855,-222,-635,12528,8452,-8120,0
-863,771,132,12260,8580,-7340,0
-1171,93,-729,12660,8212,-7932,0
-848,307,-174,12456,8380,-7524,0
-1262,374,-166,12368,8528,-7284,0
-1195,-288,-614,12088,7948,-7064,0
-894,-134,-579,12704,8652,-8472,0
-1188,-43,-552,12392,7928,-9108,1
-1284,-245,-427,12332,7388,-8792,1
-929,-455,-1125,14360,3588,-9360,1
161,2517,-2678,15008,1200,-11188,1
5011,7132,-7895,14476,16,-9864,1
11968,6744,-12843,9212,7300,-10416,1
10160,10841,-7727,8088,10680,-11440,1
10438,6032,-4438,9176,9528,-11736,1
4712,4193,-1317,10956,7016,-7628,1
2712,5137,-1566,10692,11148,-9228,1
-340,-276,-1514,9468,11232,-10128,0
-669,579,-307,9168,10456,-9180,0
-649,403,-411,9188,10020,-8824,0
-1063,553,-197,9208,10016,-8236,0
-744,-348,-797,9288,10088,-9984,0
-863,193,5,9536,10052,-9112,0
-687,851,62,9064,10096,-9004,0
-1085,437,-395,9132,10012,-8740,0
-1152,224,-296,9188,9516,-8836,0
-982,315,-302,9320,10256,-9196,0
-1450,209,-459,11984,7772,-7968,1
-1297,-313,-744,11732,8956,-8360,1
-1110,740,-171,12444,5056,-8584,1
6175,-1738,-3231,19872,-10540,-10484,1
18857,11161,-32768,13964,4268,-27992,1
20696,27136,-13897,-7560,18380,-11508,1
5699,4182,-7945,-7436,23136,-8040,1
-4733,1964,5408,9888,8464,-6172,1
-2142,-3545,105,12316,6156,-7092,1
-572,88,-451,13732,7188,-9192,1
-1516,446,-256,12596,8240,-8132,0
-994,340,-340,12432,8084,-7672,0
-814,61,-295,12404,8172,-8144,0
-1476,329,252,12296,8320,-7624,0
-1025,931,103,12452,8396,-7360,0
-1280,-108,-545,12268,8336,-7612,0
-1224,281,-163,12156,8600,-7296,0
-951,387,-477,12368,8452,-7228,0
-596,498,-272,12692,9128,-9004,0
-589,599,-258,12632,8768,-8124,0
-879,728,-5,10540,9320,-8580,1
-1466,54,-493,10204,10192,-8536,1
-2491,-92,556,10748,10524,-8468,1
-917,-1026,2842,10508,7636,-7960,1
5358,-5153,-5432,13116,-2240,-12664,1
16713,9590,-13958,22344,-17948,-32768,1
11749,16977,-15848,-1652,23868,-31232,1
8161,15283,-8743,-3040,14672,-10500,1
-502,3712,-3184,1656,15192,-4152,1
427,1017,2920,7884,6840,-3748,1
-731,99,-358,11276,8220,-9772,0
-896,419,-426,11120,8472,-9824,0
-642,184,-513,11304,8436,-10064,0
-828,67,-213,11340,8256,-10004,0
-1108,342,-272,10940,8164,-9340,0
-778,85,-448,11496,8416,-10340,0
-100,73,-24,11108,7368,-9868,0
-848,280,-473,11160,8448,-10124,0
-891,495,-229,11256,7764,-9348,0
-1288,167,-412,10904,8436,-8684,0
-1052,-115,-779,9244,9580,-8952,1
-1244,-485,-995,11248,7444,-8840,1
1035,-311,344,11912,7792,-12224,1
1241,3936,-4987,11460,5436,-9308,1
2037,3197,-6047,6092,11544,-11928,1
-730,2597,-4261,9672,11168,-11916,1
2408,8388,-738,11516,7916,-10984,1
7895,9464,-4059,11824,6508,-14360,1
5737,10128,-6794,8236,11096,-7104,1
4012,4739,-5936,4064,15500,-8600,1
-1023,120,-272,11408,7064,-10036,0
-1005,-72,-507,11324,7480,-10692,0
-838,170,-242,11196,7124,-10072,0
-813,353,-251,11252,7356,-10012,0
-813,370,-263,11308,7352,-10536,0
-992,203,-316,11280,7416,-10164,0
-684,71,-332,11268,7168,-10620,0
-904,354,-197,11596,6984,-10320,0
-1057,291,-622,11252,7160,-10148,0
-886,386,-174,11104,7236,-10112,0
-1705,190,-624,12612,4868,-9588,1
-1823,455,385,13012,4152,-9488,1
75,-2865,2308,16148,-7068,-9788,1
4828,3333,-14516,19280,-19632,-15868,1
12053,13247,-22895,-980,14788,-17676,1
4238,8107,-5074,-1904,19132,-9028,1
-1851,2881,-82,6396,14412,-10272,1
-775,-1471,1334,11676,6452,-9580,1
-1696,23,-1002,12088,8756,-10452,1
-1422,1205,91,11708,7244,-8964,1
-543,262,-426,9384,10936,-7592,0
-1244,-117,-760,9556,11412,-7964,0
-873,-197,-1073,9656,11320,-7988,0
-994,443,-176,9400,11148,-7816,0
-1208,520,-43,9836,10576,-7892,0
-862,284,-402,9628,11024,-7788,0
-1065,150,-160,9668,10712,-7856,0
-965,307,-284,9704,10756,-8116,0
-1270,127,-434,9480,10920,-7872,0
-1017,238,-142,9532,10180,-7368,0
-1726,539,-369,13244,4760,-9424,1
-1892,-230,-1999,12632,4484,-8988,1
-570,-1260,-2703,12904,3696,-10500,1
539,-1470,-1429,23824,-11620,-16540,1
11125,8246,-29222,9868,-8492,-18496,1
18948,11458,-23491,-5124,23060,-21396,1
-2544,3434,-1747,2508,21904,-11856,1
-4144,4242,5736,9996,7584,-3876,1
-1670,-2568,-2007,13096,8696,-10400,1
-856,-72,1504,12760,6308,-9448,1
-951,33,-520,12160,8004,-9100,0
-458,400,30,12216,7884,-9328,0
-1199,357,-258,12300,7776,-9124,0
-829,294,-479,12040,7168,-8724,0
-749,94,-610,12468,7772,-9444,0
-1055,367,-6,12460,7652,-8972,0
-896,7,-368,12004,7052,-8076,0
-998,168,-285,11940,7460,-8676,0
-745,43,-385,12228,7652,-8768,0
-965,259,-264,12148,7756,-9096,0
-634,601,-379,10096,5576,-10188,1
-1330,-300,-728,10496,6956,-11148,1
212,-883,795,10096,4284,-11116,1
11310,413,8241,29436,-27288,-18356,1
7702,13667,-32768,1728,156,-29540,1
-3276,9345,-18107,-10288,28328,-14616,1
-1510,5316,9938,6784,6988,-3208,1
-1918,-1305,-2782,12996,8644,-7236,1
2,989,-1564,12172,9412,-7064,1
-389,-535,-775,11556,7972,-8728,1
-338,97,-406,10544,8308,-9668,0
-333,140,-864,10348,8500,-9732,0
-680,395,-350,9820,8940,-9232,0
-393,120,-187,10416,8644,-9960,0
-1179,443,-192,10408,8788,-10640,0
-786,632,-302,10232,8680,-9556,0
-917,72,-217,10676,8716,-10588,0
-1041,730,-341,10124,8348,-9412,0
-773,369,-310,10248,8656,-10224,0
-1106,369,-329,10280,8632,-9916,0
-2086,-172,-894,11100,6820,-11508,1
-4066,1838,939,11124,7364,-10568,1
3576,841,4362,10300,-6140,-2928,1
2275,8330,-9427,25548,-9028,-32768,1
-4270,30578,-32768,6708,7412,-7792,1
2875,9136,-14033,-13180,32767,-7820,1
3603,9129,11963,3920,11380,-2824,1
-1939,-801,-1626,12808,8952,-2748,1
-1512,-195,-2835,13444,10804,-7652,1
220,-313,-1155,12636,11672,-6408,1
-824,441,-233,6764,9268,-11784,0
-1192,197,-324,6792,9252,-12024,0
-1142,240,-278,6660,9508,-11844,0
-678,398,-15,6748,9212,-11928,0
-711,242,-247,6704,9168,-11776,0
-1004,246,-323,6760,9116,-11688,0
-973,342,-233,6476,8976,-11440,0
-1012,337,-244,6704,8968,-11448,0
-782,280,-415,6600,9072,-11288,0
-1203,185,-515,6728,9320,-12012,0
-1227,-25,543,12996,4412,-8160,1
-1426,-3109,802,14740,-1748,-12708,1
1608,4136,-2939,17444,-10540,-14156,1
1032,8751,-19884,24168,-9884,-25736,1
11864,11355,-27839,-2936,24716,-1492,1
4975,6829,2620,6620,16756,-2028,1
2943,2280,-2977,11864,12100,-5204,1
-1474,-1738,-353,13496,8400,-7808,1
-1399,1091,-792,14048,7208,-7984,1
-2454,268,-568,12316,7504,-7520,1
-844,203,-273,10780,10124,-7820,0
-893,225,-296,10624,10100,-7768,0
-968,300,-288,10716,10144,-7768,0
-939,221,-353,10744,10140,-8056,0
-877,275,-13,10664,9744,-7940,0
-998,230,-327,10508,10448,-8100,0
-968,314,-361,10548,10140,-7784,0
-903,4,-12,10932,10048,-8160,0
-920,241,-299,10664,10096,-8040,0
-970,9,-397,10720,10176,-7868,0
-1570,-156,-887,11912,7380,-9424,1
-2553,-1027,-784,11876,6808,-9512,1
-1755,-452,84,10404,7716,-8592,1
8587,-4921,2844,28756,-23984,-17988,1
7234,17764,-32768,-1964,-4664,-26352,1
11472,11955,-21846,-13008,24356,-15640,1
3700,531,2839,5696,14720,-11964,1
-3468,-1170,-984,10808,9608,-7880,1
-2559,-871,-342,12932,9548,-11336,1
-2585,1155,742,10900,8596,-8752,1
-407,426,-46,16436,3344,4496,0
-864,509,186,16552,3528,4648,0
-1135,150,-565,16536,3584,4564,0
-958,274,-384,16504,3432,4632,0
-1002,262,-272,16460,3264,4632,0
-818,424,-4,16448,3292,4812,0
-1083,276,-322,16300,3796,4652,0
-923,318,-361,16544,3876,4368,0
-924,360,-62,16468,3668,4472,0
-905,403,-176,16496,3516,4648,0
-1754,-28,-205,11028,5068,-11048,1
-3321,-470,-244,11572,3956,-10512,1
787,-4659,-408,14228,-2204,-15072,1
11065,17960,-18958,16212,-17404,-27880,1
13915,32095,-20284,-9296,14272,-14404,1
6658,6858,-3731,-6300,28144,-1028,1
2347,2119,2519,10080,12336,-6424,1
-841,-1155,1327,12160,8544,-5112,1
659,-1372,-2244,13252,7596,-8836,1
-1660,-1400,-677,11548,9512,-8752,1
-556,503,-71,-2036,5548,-13884,0
-958,152,-115,-1500,5864,-15132,0
-1182,628,-206,-1896,6160,-13892,0
-694,308,-218,-1868,6016,-15004,0
-817,586,95,-1520,5984,-14888,0
-711,526,-213,-1164,6108,-14988,0
-800,151,-699,-1284,5788,-14960,0
-511,760,-556,-1908,5852,-13936,0
-1019,63,-554,-1232,6188,-15844,0
-1087,309,-196,-1292,6376,-14868,0
-1554,-95,-441,14520,3784,-8844,1
-2011,-1498,-555,13864,3952,-9928,1
-925,-4844,5816,15616,-10232,-8192,1
6613,10286,-32512,16528,-20012,-23356,1
20574,21145,-25908,-2368,10568,-20560,1
-646,6882,-6959,-5296,19804,2408,1
5669,1502,-2964,10236,13648,-4572,1
-12,-2310,-2018,11244,11676,-9224,1
-641,203,-189,12996,9020,-8848,1
-2246,1019,-111,12176,9684,-8176,1
-1057,226,-171,17428,-492,-2836,0
-1108,182,-440,17324,-380,-3480,0
-842,195,-377,16988,-216,-3208,0
-686,408,-305,16968,-864,-2772,0
-733,583,-159,17020,-700,-3312,0
-949,410,-276,16932,-404,-3236,0
-1064,334,-459,17196,-224,-3032,0
-1007,337,-34,17128,-728,-3292,0
-1040,549,-157,17236,-1012,-3064,0
-771,-63,-489,16952,-424,-3184,0
-2161,-3228,-1195,11112,7484,-7400,1
-4112,-4244,-1455,11884,8436,-8908,1
-2199,-1165,-1069,11968,6096,-9360,1
16770,7396,-2549,24332,-15812,-28460,1
15021,29682,-29982,1784,2928,-18692,1
30577,26190,-6301,-12532,21384,-12424,1
-2568,-673,-7031,2064,17884,-10112,1
2918,359,4343,14132,9512,-12620,1
-462,-3290,-2597,14004,7276,-8596,1
-193,-161,-2850,10524,10596,-8220,1
-778,487,-752,14780,7164,7104,0
-1087,163,-727,14476,6820,6968,0
-1029,239,-429,14372,6676,7044,0
-957,480,84,14352,6856,6928,0
-1077,358,-332,14544,7056,6784,0
-922,736,319,14384,6208,7220,0
-611,248,-869,14696,6472,6844,0
-543,-341,-29,13844,7264,6936,0
-1255,90,-406,14464,6484,6928,0
-973,456,-303,14160,6904,7436,0
-1589,-1054,-2481,13372,9124,-6316,1
-2539,642,-456,13040,9728,-6576,1
-1985,-195,-389,13184,8592,-5164,1
888,-119,2093,16092,5500,-7020,1
12447,2004,857,21924,-8240,-14716,1
16488,12702,-12628,13180,-8832,-14420,1
26736,13984,-13177,-1212,19324,-20596,1
3205,6328,-4855,1092,19884,-8144,1
1668,6612,5189,5488,13820,-3364,1
-1620,-3185,-3121,13056,8244,-8064,1
-863,25,-444,8288,9524,-10596,0
-932,250,-365,8308,9668,-10268,0
-944,9,-258,7944,9848,-10592,0
-839,198,-255,7932,9732,-10008,0
-1070,370,-374,8328,9812,-10564,0
-1105,386,-287,8220,9804,-10576,0
-1126,365,-527,8320,9832,-10316,0
-1027,155,-505,8160,10076,-10504,0
-949,339,-171,8356,9836,-10636,0
-987,194,-414,8012,9812,-10656,0
-1584,692,-480,16008,-760,-7012,1
-1513,790,-495,15948,-1268,-6476,1
-3947,1465,-2751,14916,-2704,-4760,1
-5291,-8269,-13957,14924,-9504,-3372,1
5845,2984,-24707,22900,-13900,-20456,1
17309,25256,-24043,3172,9004,-20768,1
9431,15939,-10373,-8840,25188,-5576,1
-5393,1745,-1226,3020,14832,552,1
2626,2028,129,11016,12068,880,1
-563,-2854,-899,14228,12432,-6100,1
-1017,236,-309,6880,9872,-11088,0
-860,237,-367,6772,9964,-11264,0
-724,280,-455,6820,9672,-11296,0
-617,438,-59,6748,9592,-11224,0
-732,510,-325,6808,9488,-11540,0
-833,229,-501,6616,10076,-11316,0
-985,289,-305,6784,9800,-11456,0
-889,261,-200,6752,9548,-11504,0
-597,391,-23,6828,10208,-11200,0
-1022,100,-458,6588,9952,-11468,0
-1279,63,-444,14000,3848,-9460,1
-1289,213,-464,13944,3476,-8468,1
-1643,-571,-383,13560,3196,-8392,1
1215,-4215,-2210,12932,-5184,-8336,1
7621,-4266,-15933,26748,-15872,-27052,1
6593,17778,-32768,4244,3412,-20956,1
14205,11935,-11013,-9056,25672,-7948,1
1970,1656,-29,4144,16612,-8692,1
-1846,-1964,-2386,10148,9628,-5792,1
239,-644,828,12660,7788,-8864,1
-1233,1222,332,7180,3988,-13348,0
-1264,-117,-316,7404,4436,-14868,0
-1093,429,-374,7736,4248,-14176,0
-1236,701,14,7888,4276,-13768,0
-783,131,-413,7748,4672,-14836,0
-838,504,-337,8024,4588,-13820,0
-1343,592,-517,7468,4300,-13128,0
-1558,309,-352,7208,3332,-13292,0
-1117,381,-259,8004,4396,-14836,0
-919,197,-474,7700,4604,-14560,0
-2357,-241,-28,13892,4872,-7272,1
-2906,-568,-627,13936,5928,-8380,1
-3650,-668,-2813,13624,5608,-7152,1
297,-547,-3927,14628,3220,-11372,1
1764,3659,-7157,15504,2020,-10592,1
579,9708,-14257,12204,11832,-11732,1
7386,11179,-9105,11628,8884,-9668,1
9624,11149,-5547,10072,12776,-7384,1
9160,6543,-5004,9844,12128,-9416,1
3951,3105,-5586,8768,13152,-8724,1
-726,558,-482,7232,6144,-13404,0
-1175,-71,-642,7416,5720,-13392,0
-813,347,-323,7160,6296,-13504,0
-824,444,-311,7148,5896,-13580,0
-881,166,-100,6896,5412,-13972,0
-828,354,-235,7320,6200,-13768,0
-870,405,-352,7096,6060,-13712,0
-1036,613,-419,7044,6244,-13564,0
-1027,63,-476,7448,5692,-13672,0
-1196,6,-580,7152,5888,-13572,0
1608,508,97,14248,-10324,192,1
-1774,2179,279,14728,-9432,-632,1
-9249,9612,4785,14260,-11148,-2680,1
-4916,12411,4239,-13928,-32768,15032,1
27721,-32768,-29658,-8136,-17480,-27900,1
26036,-20442,-20087,19640,32767,-32768,1
5347,3359,19769,16304,-2744,-11020,1
-4536,4349,5193,14076,-7644,-7508,1
-2079,6734,7339,19600,-5312,-8660,1
-1355,11111,6388,16172,-6552,-5072,1
-974,452,-127,13168,-10212,-120,0
-773,389,255,13224,-11640,60,0
-922,-365,-689,13704,-11900,-372,0
-897,473,-783,13716,-10812,-404,0
-897,418,-45,13252,-10912,-24,0
-938,373,-306,13732,-10884,-324,0
-950,186,-446,13884,-10608,-216,0
-979,452,-351,13308,-11196,8,0
-960,37,-410,13324,-10780,184,0
-936,469,-201,13808,-10660,-132,0
-1138,364,55,13944,-10768,-560,1
-986,1842,308,14092,-10644,-352,1
-3895,8088,1003,13228,-10132,-116,1
-9083,12431,-384,10112,-13536,-144,1
-6469,3102,-756,-12496,-32768,16512,1
32767,-32768,-32768,-2888,-4328,-32768,1
14821,-16807,-5622,13744,4800,-22220,1
-6819,735,-1908,15348,1844,-11608,1
-5679,5741,2793,14664,-8448,-9512,1
-3435,5543,2029,14772,-6816,-5920,1
-1033,390,-369,10556,-13640,-460,0
-952,361,-291,10628,-13748,716,0
-1321,-297,-667,10656,-13496,368,0
-911,92,-381,11184,-13192,-396,0
-751,631,-25,10372,-14064,404,0
-386,674,157,10488,-14064,1268,0
-951,-101,-637,10024,-13816,632,0
-1104,74,-293,10508,-13528,-464,0
-896,308,-341,10236,-14068,360,0
-905,38,-390,10892,-13324,-28,0
-940,111,-201,14036,-10636,-2236,1
-879,2879,1623,16764,-8372,-4376,1
-6472,10592,5064,12760,-11052,-3116,1
-1817,10992,3488,11524,-11456,-1172,1
-3318,12856,1846,-1296,-20244,7676,1
22738,-32768,-13193,-12172,-30820,-10832,1
30442,-27177,-15327,22732,5644,-26364,1
1195,-3562,-10451,14568,11400,-13456,1
-4270,1945,2000,14460,-7192,-7748,1
-3253,3533,1771,14356,-8748,-4904,1
-1059,340,-398,14512,-7964,-5176,0
-756,416,-174,15064,-6676,-5432,0
-850,228,-174,14432,-7636,-5272,0
-779,279,-472,15308,-7040,-5592,0
-1527,186,-366,15048,-7132,-5568,0
-850,320,-225,14792,-6868,-5280,0
-978,-39,-352,14728,-7260,-5292,0
-883,249,-207,15124,-7332,-6124,0
-1008,349,-278,14980,-7432,-5804,0
-812,48,-477,15008,-7372,-5512,0
-324,4884,-1972,9380,-13944,572,1
-2167,6495,-2542,10328,-15772,1648,1
-647,1577,-796,8868,-13940,2804,1
-4138,6566,-4676,9000,-13528,1616,1
-17894,957,-25934,-10332,-28420,15580,1
27867,-32768,-28760,2676,-23328,-26536,1
32767,-12247,-13337,21132,16472,-32512,1
8712,-4108,-5354,14348,7924,-11504,1
-2948,1267,1934,16156,-2688,-8000,1
-2643,2233,2045,16116,-6864,-6720,1
-988,525,60,12072,5904,-9192,0
-730,146,-633,12396,6796,-9316,0
-1070,111,-155,12472,6568,-9480,0
-934,107,-749,12484,6892,-9260,0
-902,-18,-487,12352,7108,-9568,0
-913,206,-472,12556,7628,-10256,0
-975,200,-503,12336,6720,-9196,0
-980,2,-439,12032,6756,-9120,0
-910,420,-179,12292,6652,-9408,0
-731,348,-316,12208,6756,-9112,0
-1178,683,-414,12124,-13024,-484,1
-1226,2667,-1147,12236,-14884,-420,1
-2060,4994,-4014,12672,-12676,972,1
-4146,12047,-3506,11216,-11700,-1928,1
-11311,8397,-11588,-9320,-26636,15508,1
31848,-32768,-14868,-4032,-32696,-20788,1
31513,-22010,-27762,20812,20300,-30384,1
117,-2040,-8058,13728,4724,-16636,1
-4324,-207,1527,14404,-1400,-10620,1
-5315,2491,-366,15132,-6064,-9480,1
-963,219,-395,15768,-2028,-5912,0
-869,3,-164,15988,-2096,-6244,0
-537,64,-204,16136,-1844,-6512,0
-839,419,-254,16112,-2216,-6080,0
-999,249,-555,15800,-2208,-6116,0
-871,219,-630,15980,-2224,-6508,0
-828,431,-225,15992,-1908,-5896,0
-742,345,-123,16228,-1796,-6520,0
-944,472,-60,15580,-2608,-5756,0
-905,210,-312,16088,-2056,-6348,0
-1824,397,-513,14332,-1420,-8500,1
-5577,671,4497,15060,3668,-8832,1
-17264,-1313,10063,8728,-23316,-15036,1
15919,3282,-29001,1400,-21928,-20628,1
32767,4837,-32768,-4320,32767,-19640,1
9612,3178,-6902,10872,19760,-9740,1
-2845,-2822,109,12688,5024,-12240,1
-2522,-423,1422,14868,4584,-13016,1
-1393,1096,1575,13800,3956,-11440,1
-464,196,184,12660,4756,-9988,1
-909,265,-143,13888,4224,-8712,0
-706,391,-175,13856,4388,-8192,0
-616,89,-81,14124,4832,-8596,0
-547,177,-329,14028,5412,-8140,0
-724,-52,-20,13584,4216,-8012,0
-932,-28,-100,13884,3784,-8568,0
-879,204,-475,14064,4224,-8752,0
-1053,225,-445,14252,4436,-8528,0
-830,243,-620,14072,4752,-8420,0
-437,-20,-186,14300,4660,-9256,0
-632,589,-197,15532,-5768,-5780,1
-437,356,-76,15592,-5088,-5716,1
-212,776,960,15616,-5796,-5748,1
-626,2117,1008,15820,-5088,-5168,1
-1990,3182,4255,15020,-5840,-4976,1
100,2005,10790,12992,-8876,-1744,1
-2711,4472,5768,4096,-30140,-4056,1
30840,-25732,-28145,-4600,-27064,-18768,1
32767,-31334,-29708,14044,32767,-32768,1
3016,-2472,366,11184,4832,-15932,1
-275,-443,-597,14108,-4144,-9312,0
-441,-247,-361,14244,-3992,-8140,0
-748,142,-184,14180,-4732,-8824,0
-1308,0,-340,14588,-4320,-9588,0
-1046,417,-150,14416,-4032,-8752,0
-660,180,-286,14720,-4252,-9316,0
-657,178,-201,14468,-3656,-8476,0
-840,345,-160,14120,-4436,-8664,0
-1321,44,-480,14640,-4328,-9240,0
-1105,122,-550,13792,-4040,-8472,0
-699,161,46,13656,-10428,-488,1
-884,759,151,13888,-10164,-1164,1
-2009,3939,1461,14992,-10132,-2508,1
-3603,9761,3930,14292,-10032,-1592,1
-3179,5897,2570,8468,-16116,3896,1
2478,-7244,205,7936,-16880,3056,1
5232,-23034,-13880,-7400,-29624,3240,1
32767,-32768,-31877,4800,-5476,-25956,1
8047,-12910,-9531,12812,7576,-17916,1
-1423,-2499,38,14324,-784,-11328,1
-851,323,-245,11624,6992,-9644,0
-885,0,-317,11824,7644,-9492,0
-950,246,-295,11600,7040,-9852,0
-846,236,-275,11672,7076,-9624,0
-975,153,-261,11796,7428,-9748,0
-864,222,-371,11632,7124,-9672,0
-978,230,-265,11704,6932,-9948,0
-972,186,-370,11708,7264,-9876,0
-946,511,-378,11568,7292,-9936,0
-893,0,-295,11764,7208,-9740,0
-52,2209,-380,13044,-10196,-4932,1
-1392,4046,1007,13320,-10252,-4504,1
-2097,4493,380,14196,-11120,-5564,1
-3850,10162,5009,11960,-9504,-2708,1
-7123,12397,8725,3528,-16700,-1520,1
11181,-21708,-7960,-6372,-30768,-2912,1
21960,-32768,-27617,3396,-10756,-21500,1
7408,-8474,-14399,15668,1252,-16416,1
-1973,837,-1328,15344,-988,-8696,1
-3877,1803,695,13216,-7828,-9032,1
-962,509,-321,11200,7208,-10024,0
-867,285,-128,11376,7332,-10088,0
-915,235,-331,11356,7232,-10172,0
-952,237,-355,11480,7280,-10108,0
-961,508,-309,11356,7304,-10072,0
-958,230,-295,11396,7184,-9996,0
-943,505,-319,11308,7192,-9940,0
-921,224,-333,11320,7176,-9812,0
-781,335,-132,11276,7220,-9896,0
-949,232,-324,11316,7196,-10044,0
-1280,1105,1766,12304,5720,-8372,1
-1676,-455,944,13544,6164,-8704,1
-4730,177,12,13812,7044,-9080,1
-13390,-2044,8932,14436,5104,-10756,1
9542,2893,841,10972,-23224,-32156,1
32767,2608,-27181,-7156,20068,-18220,1
6752,12013,-11710,-5244,21144,8720,1
-1400,4114,3067,8252,9752,-6060,1
-3449,-626,2928,15396,6868,-11220,1
-1649,333,606,11704,8320,-9968,1
-949,280,-296,10540,8080,-10108,0
-936,505,-318,10624,8036,-10160,0
-889,272,-254,10592,8124,-10188,0
-936,251,-3,10576,8092,-10168,0
-987,229,-312,10584,8180,-10316,0
-991,234,-306,10620,8188,-9824,0
-990,8,-399,10548,8184,-10224,0
-889,271,-213,10512,8112,-10120,0
-932,266,-335,10680,8048,-10132,0
-950,240,-320,10508,8188,-10012,0
-1490,373,-829,13052,5556,-8236,1
-991,-88,-279,13364,6744,-8532,1
-1578,117,-1158,14052,4904,-9268,1
-1823,442,-1758,14664,4252,-9616,1
-1332,-321,-1207,13596,3632,-10436,1
-1281,4625,-839,12656,8424,-11112,1
1144,5125,-3608,9560,7832,-5364,1
1214,2652,-5829,11784,8860,-5580,1
3628,4693,-7894,11572,10160,-8932,1
2338,2667,-4902,11616,13852,2872,1
-892,236,-278,8708,9476,-10280,0
-974,222,-391,8908,9972,-10080,0
-981,235,-308,8876,9640,-10044,0
-944,21,-340,8892,9572,-10060,0
-978,281,-312,8884,9544,-10140,0
-940,239,-334,8988,9612,-10264,0
-983,275,-371,8928,9600,-10084,0
-956,241,-314,9112,9564,-10156,0
-947,223,-331,8908,9624,-10192,0
-995,3,-333,9004,9552,-10216,0
-814,437,-761,12152,-12376,-2152,1
-1788,2454,350,12652,-12128,-2904,1
-7365,7104,1624,12188,-11076,-3488,1
-14862,14967,11021,5332,-17608,-1984,1
-2599,3352,-461,-10108,-26632,9296,1
23014,-32768,-26787,-16740,-28940,-6628,1
30593,-19499,-21052,23328,24172,-32768,1
8692,3670,-303,11612,4112,-9308,1
-126,3040,2975,8888,-6332,-2408,1
-879,2038,1479,13036,-11988,-5128,1
-912,412,-312,9888,-14176,-488,0
-712,256,-319,10144,-14228,-272,0
-868,133,-160,10452,-13916,-348,0
-1301,101,-345,10104,-14420,-564,0
-1123,-40,-406,10744,-13820,-1264,0
-843,290,-443,10732,-13548,-712,0
-847,441,-102,10180,-13864,-580,0
-1217,167,-497,10424,-13880,-300,0
-858,218,-134,10404,-14000,-776,0
-970,112,-457,10744,-13704,-824,0
-293,444,-583,13356,-9400,-3172,1
-2016,1000,62,14240,-10396,-3752,1
-8216,5402,581,16032,-9340,-5156,1
-9707,10443,7806,8332,-18536,-992,1
-2287,-643,-2048,2984,-25224,-320,1
17998,-32768,-24690,-4316,-24836,-15812,1
23671,-8716,-12077,17072,10808,-25732,1
4244,253,-4648,14216,6252,-12368,1
-2418,-534,1405,13632,-3260,-6572,1
-2912,1915,2221,15016,-6448,-8136,1
-934,0,-280,9520,9148,-10064,0
-969,194,-335,9588,9072,-10028,0
-964,219,-370,9472,9140,-10024,0
-927,502,-317,9568,9020,-10084,0
-947,259,-287,9512,9004,-10040,0
-937,509,-289,9512,9064,-10240,0
-920,254,-286,9520,9104,-10068,0
-963,254,-315,9540,9112,-10176,0
-931,243,-298,9444,9136,-10060,0
-932,239,-346,9572,9020,-10000,0
-1484,393,373,11940,5268,-11120,1
-4231,785,3476,12852,7536,-10944,1
-13029,-1040,18535,11628,1040,-13824,1
2225,2163,10493,11464,-13088,-11660,1
11699,2630,-13603,10564,-12756,-16264,1
18543,4878,-21980,7728,9264,-11292,1
7125,7178,-15709,8168,20296,-4840,1
3148,345,-801,13004,13152,-5900,1
-2563,-2027,2817,13480,6552,-7724,1
-1963,-591,2729,14900,2636,-9724,1
-911,466,-660,14184,6948,-6128,0
-783,362,-559,14216,7104,-6440,0
-915,385,-365,14020,6632,-6416,0
-1025,217,-416,13968,6652,-6596,0
-898,279,-350,13960,6688,-6536,0
-918,351,-344,14160,7052,-6340,0
-992,133,-446,13872,6948,-6676,0
-941,143,-567,14188,7048,-6532,0
-924,341,-390,14232,7012,-6552,0
-1280,231,-459,14200,7016,-6908,0
99,-766,2890,17324,896,-9780,1
-1950,1748,2483,17084,1896,-8228,1
-6080,4483,7406,16532,1548,-6480,1
-11943,5403,13473,14272,-4972,-7632,1
-9122,4504,12797,8556,-12720,-1640,1
13327,-12209,-14774,732,-29612,-9900,1
32767,-9142,-32768,9540,25732,-32768,1
7509,5834,-6360,15816,18540,-6788,1
-2825,-1201,-1405,15244,5364,-5268,1
-3805,106,3031,16816,420,-6848,1
-929,43,1135,16468,1844,-3880,0
-100,325,-670,16144,2192,-3620,0
-813,515,505,16408,2124,-3724,0
-1001,393,-145,16476,1756,-3964,0
-1102,447,-462,16708,1908,-4136,0
-1391,261,-328,16432,2020,-4316,0
-1222,-45,-331,16692,2420,-4584,0
-1188,216,-276,16436,2308,-4172,0
-911,49,501,16576,2168,-4168,0
-1048,266,-687,16868,2744,-4160,0
233,-348,340,9536,10980,-9500,1
-34,655,-442,10596,10936,-9476,1
-2186,2022,53,11364,9340,-11016,1
-1599,1949,-1030,11360,7848,-8584,1
535,2034,-3539,11812,7056,-9176,1
2801,4053,-5926,10228,10480,-7960,1
1552,1955,-3402,10236,11400,-9636,1
3365,4384,-1858,10168,11236,-9888,1
811,5687,-3959,7424,9100,-7392,1
566,4181,-2378,8148,14764,-6540,1
-858,54,-422,10096,11924,-6404,0
-911,461,-72,10092,11844,-6176,0
-683,203,-271,10180,12024,-5892,0
-685,218,-274,9996,11556,-6184,0
-785,333,-256,9888,11516,-6092,0
-818,196,-250,9748,11668,-6256,0
-896,270,-154,9984,11816,-6556,0
-1039,293,-336,10040,11668,-6332,0
-912,149,-342,10224,11492,-6168,0
-873,282,-16,10036,11452,-6220,0
-1489,449,-1354,13964,7480,-6976,1
-1610,-11,-1135,14440,9136,-7620,1
-12663,-2495,11099,13072,12080,-5232,1
-20765,-8170,10805,12576,-4356,-8124,1
-172,-1239,-537,9784,-16904,-22060,1
32767,20059,-32768,-7336,23436,-22928,1
12062,17770,-18114,-3456,32767,11060,1
-341,2404,-547,6316,13016,1956,1
-112,-1232,1282,12100,7724,-6212,1
-1421,-49,2060,13652,7304,-7924,1
-1193,368,-386,12160,8296,-8672,0
-911,211,-372,12104,8192,-8208,0
-940,209,-511,12076,7984,-8192,0
-948,236,-300,12052,8112,-8000,0
-959,250,-369,12080,8272,-8224,0
-958,262,-324,12092,8304,-8328,0
-914,321,-316,12112,8232,-8508,0
-936,268,-300,11860,8088,-7800,0
-956,228,-299,11980,8136,-8228,0
-943,243,-352,12076,8172,-8224,0
2756,-1309,242,12996,2880,-9616,1
-1089,-212,687,14300,7840,-9680,1
-3923,1239,712,14524,6948,-8216,1
-12257,890,7414,14292,12956,-5524,1
-22902,1254,23851,6784,-24176,-18280,1
32767,8744,-32768,-3636,2328,-32768,1
14118,12702,-10685,6348,32767,-3032,1
-2666,2366,-3590,9340,13688,-3420,1
-1625,-1061,180,11656,7832,-6208,1
-705,218,4362,13736,9148,-6932,1
-959,188,-384,12220,8052,-8316,0
-946,508,-363,12540,7948,-8324,0
-935,507,-504,12164,7992,-8476,0
-916,242,-343,12136,8020,-8296,0
-955,245,-381,12508,8076,-8396,0
-980,13,-308,12304,8040,-8504,0
-971,284,-342,12216,7992,-8224,0
-932,241,-305,12172,8036,-8368,0
-915,258,-300,12208,7704,-8296,0
-872,256,-455,12164,8112,-8268,0
-4136,-1894,842,15700,2328,-4848,1
-3207,-1589,435,16904,3356,-7060,1
-5825,-823,3377,17492,2196,-5236,1
-9381,2999,6957,9212,-20428,-16952,1
32767,300,-30581,3084,-6052,-30776,1
15923,16715,-13491,8392,31440,4088,1
-714,5043,4672,12856,13692,-5248,1
-2066,-1697,-446,13948,6128,-5768,1
-2955,-336,2296,15572,2280,-7908,1
-1039,961,1546,14540,2836,-6784,1
-922,136,-338,12076,8136,-8340,0
-892,194,-428,12204,8124,-8428,0
-927,268,-305,12040,8084,-8376,0
-959,251,-367,12068,8228,-8396,0
-920,307,-337,12156,7952,-8700,0
-980,344,-275,12140,8096,-8224,0
-926,295,-217,12104,8092,-8260,0
-922,314,-345,12168,7984,-8244,0
-931,308,-320,12136,8112,-8368,0
-987,339,-343,12132,7936,-8216,0
-1147,484,-94,18120,2004,-3760,1
-3794,2460,3206,19144,3116,-3160,1
-7376,2714,9704,14064,-6188,-1464,1
-13616,453,1484,17876,-2276,-2564,1
2017,-1763,-3835,17196,-13012,-12964,1
32584,5481,-12796,18416,13964,-7464,1
23981,-98,-11869,12972,20476,5964,1
-967,-4022,-1875,16228,10500,3860,1
-6960,-1807,3630,21632,-3508,-2404,1
-2890,-1188,1367,17176,764,-1544,1
-822,-66,-1200,16432,-2164,-2888,0
-1208,159,-439,16812,-2060,-2876,0
-936,359,66,17116,-2424,-3236,0
-791,482,5,16792,-2440,-2828,0
-996,346,-104,17384,-2052,-3264,0
-962,308,-652,16972,-2160,-2948,0
-734,405,-203,16912,-2328,-3324,0
-643,453,-425,16780,-2352,-2800,0
-829,190,-427,16600,-2348,-2536,0
-866,242,-436,16736,-2620,-2948,0
-1182,873,199,16936,-1556,-3732,1
-4272,2073,4385,17500,-180,-3620,1
-14966,2256,9444,12420,-8364,-3884,1
-18667,996,1098,9028,-28852,-20416,1
18581,-204,-20516,11372,-9216,-16268,1
32767,-1832,-29767,18424,13428,-32768,1
23379,10037,-6976,13324,19920,1572,1
1291,4070,-197,10200,8980,6632,1
-3107,-1352,757,16060,6436,1676,1
-3107,-83,2693,22056,1568,-6864,1
-873,300,-244,12184,-9188,-7628,0
-860,294,-174,12192,-9292,-7356,0
-1001,390,-255,12300,-9720,-8020,0
-1113,69,231,12104,-10028,-7960,0
-1017,117,-241,12116,-9560,-7580,0
-1014,293,-229,12172,-9348,-7432,0
-951,31,-371,12224,-9624,-7944,0
-955,102,-501,12384,-9240,-8028,0
-854,278,-213,12312,-9128,-7844,0
-937,175,-275,12228,-9368,-7612,0
-1064,760,-546,13664,-8740,-6536,1
-956,769,1065,12868,-9524,-6156,1
-3050,2186,5271,11168,-9524,-5432,1
-19430,12126,8212,8164,-10208,-12496,1
-4584,-1831,3515,3540,-29148,-16492,1
20214,-19579,-19198,-4484,-22048,-20452,1
26203,-13529,-32768,32767,28740,-32768,1
26377,4865,-7041,13900,22856,6212,1
-779,1220,3271,15732,8540,6264,1
-8562,1320,2242,19184,-3080,-5316,1
-713,398,-11,11220,-8908,-9488,0
-1114,135,-34,11024,-9476,-9920,0
-1020,252,-332,11464,-8876,-9972,0
-1158,35,-473,11256,-8912,-9960,0
-849,178,-395,11004,-8784,-9944,0
-906,232,-356,11124,-8856,-9548,0
-913,220,-139,11280,-8360,-9780,0
-1013,102,-322,11400,-8520,-9764,0
-939,356,-227,11244,-8916,-9512,0
-901,454,-306,11188,-8992,-9912,0
-952,208,-325,5500,14168,-6088,0
-922,253,-290,5600,14216,-5820,0
-1000,179,-331,5600,14300,-5456,0
-922,239,-305,5548,14108,-5840,0
-955,213,-318,5492,14144,-5772,0
-931,227,-314,5588,14156,-5816,0
-945,249,-313,5540,14184,-6000,0
-919,273,-324,5556,14156,-5836,0
-917,271,-338,5840,14184,-5784,0
-946,316,-356,5568,14132,-5676,0
-588,240,-564,15116,1368,9036,0
-378,197,-318,15048,2016,9120,0
-885,608,-527,15828,1896,8924,0
-635,605,-322,14976,2652,9016,0
-1252,198,-88,15588,1640,8792,0
-1051,791,-100,14964,2116,8852,0
-1406,627,55,15108,2068,9040,0
-2307,435,-38,14984,1040,9104,0
-1034,20,123,15320,1168,8968,0
113,-91,-456,15368,1136,8944,0
-554,898,-528,5452,6480,14944,0
-1228,263,-383,5488,6196,14884,0
-424,824,-352,5420,6188,15248,0
-958,-72,-135,5384,6840,15292,0
-803,89,-380,5208,6656,15376,0
-999,366,-259,5052,6108,15484,0
-520,359,-87,5068,6264,15488,0
-1264,525,-594,4968,5888,15372,0
-1128,64,-658,5548,6252,15208,0
-966,159,-321,5068,6288,15580,0
-1370,83,-397,10884,1624,13632,0
-1545,185,-567,10868,1252,13624,0
-1237,606,-561,10508,1616,13808,0
-1065,861,-1,10468,1336,14560,0
-1045,354,-430,10428,1548,14308,0
-1469,-67,-341,10852,1280,13384,0
-1303,130,-308,10552,1396,13696,0
-1188,-396,-45,10052,2388,14204,0
-1291,-491,-409,10648,1072,14236,0
-1114,158,-331,10512,1236,14060,0
-1147,447,1586,1192,-18812,2552,0
413,-54,-1450,1144,-16552,2852,0
564,-755,-1451,800,-17952,2600,0
14,508,-974,968,-16848,2632,0
-88,172,-510,1300,-16028,1848,0
-2706,199,267,1264,-19068,2440,0
-487,568,-1103,1168,-17004,2772,0
-992,337,-1135,1172,-16660,2080,0
-1951,382,-90,1160,-17700,2116,0
-1496,184,-74,1348,-16844,1896,0
-392,687,-1075,48,-15580,-4704,0
-684,195,-263,432,-15328,-4900,0
-1390,461,129,292,-16068,-4964,0
-772,756,-75,-148,-16400,-4484,0
-1013,293,-1143,460,-15368,-4100,0
-972,497,-593,244,-16336,-4872,0
-916,581,-76,272,-15780,-4788,0
-931,612,67,452,-15520,-4668,0
-827,502,324,444,-15704,-4640,0
-510,-74,-500,176,-15944,-4708,0
-731,404,-201,3656,-4148,-16192,0
-885,811,-1810,3380,-3576,-16060,0
-1617,89,-1551,3648,-2676,-15868,0
-714,348,50,3620,-3164,-16380,0
-875,447,-235,3372,-2680,-15656,0
-935,965,-1143,3488,-2772,-15904,0
-444,402,-496,3724,-3148,-16032,0
-1014,-376,-515,3604,-2864,-16108,0
-494,372,-87,3272,-2156,-15952,0
-850,926,-180,3740,-3000,-15652,0
-2628,6640,4361,10756,2296,-9228,0
-2516,-4144,2086,13776,928,-9564,0
-3391,-9641,-1182,13492,3044,-11540,0
99,-2366,1752,12292,2768,-12032,0
-639,5322,1415,12176,2576,-11504,0
901,4686,1305,12752,1416,-10564,0
-1119,-3000,-1731,12924,2160,-10992,0
-1934,-2206,-1765,12048,2320,-11364,0
-2311,258,-750,12628,2924,-11568,0
-434,2902,1843,12228,3172,-10788,0
-1180,140,11,10520,1104,-13004,0
-865,572,-503,10536,1176,-12776,0
-923,36,640,11128,1372,-12964,0
-761,96,-100,10808,1320,-12956,0
-1321,909,-506,10576,1008,-12656,0
-971,-498,-875,11444,1140,-13032,0
-736,491,876,10908,1364,-12980,0
-960,60,-872,11092,1468,-12924,0
-1454,239,-600,11072,1248,-12840,0
-731,412,-60,10756,1116,-12720,0
509,-1086,-1275,18148,2704,-2424,0
-962,234,343,17312,2076,-2320,0
-1324,1504,-1545,17224,2356,-2116,0
-2008,1005,-872,17148,2172,-2180,0
-701,2337,-34,16164,2140,-1572,0
-943,-107,159,16820,1940,-2272,0
-1757,-476,-1493,17516,2716,-2636,0
-1381,631,-1070,17540,2884,-2476,0
-1458,-203,-1843,16956,3040,-2708,0
-532,578,-1138,17896,3276,-2052,0
-3483,-2362,1564,15900,4956,-4984,0
-1347,317,-479,15764,5716,-4664,0
-1748,-353,-446,15648,5748,-4828,0
-101,-1166,-486,16344,5464,-4948,0
-295,5,-554,15752,5404,-4908,0
-846,410,-178,15856,5876,-4908,0
718,2267,-2519,16328,5204,-2776,0
1229,2385,-689,15832,5372,-4144,0
-755,-276,-1244,15644,5196,-4604,0
364,1828,-458,15624,6020,-4492,0
-1552,2,-94,15560,4832,3928,0
-1957,1269,-334,16388,6040,4004,0
-1354,841,-43,16064,4972,4032,0
-1778,-327,-657,15796,5356,4012,0
-845,938,325,16080,4904,3640,0
-767,443,2,15696,5692,3604,0
-1203,98,-515,16468,4356,3288,0
-1463,582,-990,15964,5368,4060,0
-1221,1124,466,15960,5136,3984,0
-1522,628,-587,15972,5388,3984,0
-1714,331,-963,1028,5128,16060,0
-1466,895,-420,804,5388,15872,0
-1142,-353,-672,1244,6176,15616,0
-671,611,-892,984,6152,16144,0
-1017,516,-379,944,7388,15884,0
-845,238,49,1512,5088,15752,0
-266,-188,709,1020,6012,15280,0
-409,55,194,748,6140,16328,0
-938,102,-322,1028,5660,15844,0
-1046,81,-137,624,5180,16228,0
-1050,367,-139,472,13192,9600,0
-1021,510,-471,624,13676,9668,0
-1016,105,-394,196,13356,9752,0
-1203,736,-204,632,13280,9700,0
-1249,200,-448,748,13332,9640,0
-1172,-116,-600,696,12960,9676,0
-879,-26,-125,36,13664,9948,0
-1072,193,-382,936,13444,9572,0
-822,349,-531,224,12956,9856,0
-375,498,451,756,13172,9560,0
-991,163,-564,4252,15568,2716,0
-746,245,-80,4336,15612,2596,0
-550,37,198,4000,15244,2444,0
-278,215,-768,3804,16204,2460,0
-1454,73,-741,4216,15176,2080,0
-854,128,-142,4124,15460,2128,0
-885,106,47,3960,16216,2148,0
-1034,342,-169,3784,15380,2332,0
-696,-79,-178,4056,15720,2812,0
-965,388,-576,3800,15420,2444,0
-1129,198,-536,5452,14420,5612,0
-1283,511,-663,5820,14320,5768,0
-1014,533,-673,5428,14588,5868,0
-1280,-99,-1013,5756,14392,5384,0
-841,442,-509,5404,14704,5816,0
-854,410,-146,6388,14448,5484,0
-770,102,-105,5764,14456,5484,0
-1070,134,-15,5880,14096,5240,0
-907,-33,74,5988,14656,5496,0
-1009,72,-3,5696,14688,5460,0
-1053,80,-424,6948,13448,5184,0
-1117,294,-382,7416,14340,5292,0
-949,112,-145,7192,14028,5188,0
-641,465,205,6840,14468,5560,0
-668,740,-998,7156,14628,5408,0
-794,193,-155,7004,14164,5116,0
-1070,-112,-424,7456,14212,5188,0
-1293,458,-339,6716,12732,4232,0
-860,298,-46,7228,14012,5124,0
-1983,-1025,-716,8384,13128,5028,0
-236,29,1817,6656,-12316,-5588,0
-1301,-1545,1193,7004,-14064,-7304,0
-1870,501,433,6828,-14396,-6824,0
-1925,256,-462,6036,-13692,-9100,0
-773,1051,-634,6704,-13612,-7796,0
-904,83,-315,6540,-13520,-7836,0
-1170,87,-535,6908,-13184,-8228,0
-1052,-143,-636,6400,-13632,-8692,0
-1146,158,-221,6308,-13704,-8436,0
-1415,286,-478,5984,-13708,-8028,0
-305,834,-69,832,-14496,-7472,0
-1164,439,-279,876,-14732,-8488,0
-864,-95,-678,1364,-14532,-7852,0
-309,-397,-858,988,-14600,-8204,0
-556,-410,-507,1296,-14668,-7720,0
-471,-120,-504,1488,-15080,-6948,0
-660,-321,-199,1544,-15080,-7860,0
-691,-104,-436,1460,-14792,-7640,0
-735,-182,-1099,1364,-14916,-7492,0
-200,-225,-1237,1196,-14736,-7496,0
-88,674,-161,8316,-14836,-4320,0
-1195,973,-352,8344,-14548,-4276,0
-419,803,-858,8500,-13664,-4120,0
-808,272,-330,7576,-14344,-4028,0
-616,-351,-1128,8920,-13560,-4492,0
-1260,417,-194,8928,-14200,-5012,0
-861,382,-581,7988,-14240,-4636,0
-706,141,-602,8008,-14664,-4400,0
-579,-187,-1456,8664,-14132,-4568,0
986,-847,-3619,9276,-13068,-4484,0
-936,-568,-477,12856,-7604,-8476,0
-1139,1252,223,13056,-7504,-8704,0
-1028,-61,-302,13068,-7260,-9120,0
-600,-2066,-1880,13432,-8076,-8744,0
-1014,724,607,12440,-7172,-9000,0
-350,949,202,13676,-7248,-9256,0
-1077,180,-1191,12884,-7572,-8652,0
-1006,46,224,12672,-7644,-8732,0
-1065,323,-172,12656,-7752,-8548,0
-831,263,-186,12720,-6020,-9180,0
-942,-1705,1130,9136,9108,-11532,2
916,2033,344,8120,6592,-17608,2
8461,11782,-11949,-2388,5312,-18668,2
8964,7584,-16711,7548,20780,4716,2
-482,-10222,4494,15852,16212,-5376,2
-8017,-9450,11601,16188,4560,-19000,2
-5826,1149,3876,7616,-568,-22836,2
260,14231,-8974,44,6292,-15940,2
5625,7360,-12619,544,12852,-8896,2
5395,-351,-6019,5816,18352,-3700,2
-1611,-3943,-497,13656,7340,-12892,2
-2023,2612,-486,9036,5028,-21472,2
10385,11616,-13507,-4908,3864,-22412,2
12803,15652,-25008,-3612,20320,-5600,2
402,-2012,-2896,9408,25372,3976,2
-6096,-11989,25084,13572,8412,-9844,2
-16614,-5806,12126,13260,-860,-17560,2
-6910,4737,243,4336,4236,-15060,2
1400,13154,-10080,852,7016,-20500,2
11893,9636,-13516,-336,15040,-8040,2
520,1921,-3704,9980,13936,-844,2
-3076,-5495,4403,9888,12432,-6724,2
-3411,-6570,5455,9116,7888,-12216,2
-1208,-2012,3587,8972,4848,-18520,2
7265,8834,-8933,3844,3592,-17952,2
11986,10773,-18942,1616,12956,-6816,2
3628,557,-7592,8412,21632,-1272,2
-2948,-13638,16749,12284,14796,-9868,2
-19329,-10985,15827,12100,5220,-16712,2
-13746,-2435,8598,9620,1984,-16792,2
175,-4577,3607,8392,12304,-7512,2
-8362,-10670,13321,9364,13972,-7060,2
-22441,-5919,14650,10652,9972,-15712,2
-9689,-5684,10928,8208,6080,-15904,2
1879,1566,653,6000,6304,-17020,2
4722,11812,-6878,5500,10824,-14568,2
10657,10823,-10523,2920,12880,-9820,2
11721,11883,-13862,3960,14364,-8428,2
9400,8876,-11615,4936,15780,-4856,2
3630,282,-990,7784,14260,-6236,2
8336,9453,-10703,3132,12980,-8136,2
3329,1410,-2634,6076,13516,-3136,2
-4542,-7366,5000,10068,11312,-7380,2
-9152,-9018,13990,12440,8360,-9828,2
-12093,-10204,11901,12304,7904,-14748,2
-8813,-3461,8179,10128,6660,-16528,2
-1943,1004,-297,5864,6980,-18916,2
6317,9233,-10597,4340,9428,-15360,2
10152,13070,-12731,2312,12876,-12684,2
10165,9889,-10717,4728,16616,-5360,2
-5280,-9468,17724,14820,8920,-7688,2
-15496,-8729,10745,11196,3716,-12632,2
-11938,-5720,5852,7536,4996,-18772,2
-4475,3450,-2088,5168,5308,-20828,2
4589,9970,-7318,3500,7348,-16592,2
6928,11985,-9970,2852,9592,-12712,2
8277,15070,-15504,1192,13128,-11320,2
9263,7432,-9256,3268,14904,-3592,2
710,-6508,3560,8548,16268,-1744,2
-10131,-13341,17304,10276,13112,-9020,2
-3516,2366,785,4492,764,-17748,2
711,4307,-8422,5512,6284,-13000,2
1941,10109,-9974,3820,5956,-17004,2
8141,13548,-14636,-676,13088,-13356,2
5648,4864,-8523,6028,19472,1260,2
-8938,-15273,15493,12488,18076,-2880,2
-10992,-18126,21590,16116,5956,-20124,2
2610,-3642,5531,2976,-7488,-26668,2
2965,11929,-12864,-12,5828,-14684,2
8766,11335,-16634,-748,15692,-5756,2
-8123,-12728,16294,13300,9212,-10804,2
-7942,-11171,8684,14572,3956,-15296,2
-7366,630,3755,9824,3800,-20644,2
2839,7002,-36,-2140,2568,-21912,2
5376,14901,-17935,-5572,12028,-14780,2
8639,6909,-11043,792,20608,344,2
-679,-3204,1940,9012,18664,-2080,2
-7250,-13860,18722,16116,13720,-7956,2
-8517,-9112,12665,16996,952,-21488,2
-3034,3216,3483,5512,-604,-23504,2
-3084,-2480,2231,6232,6760,-19092,2
5063,4638,-5233,1328,7240,-18536,2
11976,18303,-19550,-3056,15476,-9848,2
10388,7973,-12675,-140,16544,-4636,2
-2596,-1632,-1051,9680,20596,-1232,2
-11573,-13482,18537,12516,9688,-4020,2
-10322,-11061,15337,13640,5576,-14888,2
-4611,346,3573,8544,2036,-23048,2
3332,9251,-5220,164,5544,-23032,2
8231,16394,-14709,-2096,12136,-11212,2
-1043,-578,-443,7104,8004,-12544,2
-555,2807,-3703,5796,5920,-13832,2
2399,8680,-5686,2380,7168,-16104,2
3834,12950,-11433,3164,11016,-11012,2
5447,13374,-13235,3428,15120,-5908,2
5115,4136,-6188,6844,17084,-3928,2
975,-2645,1779,8300,14940,-3840,2
-6997,-12629,8728,11348,12240,-1764,2
-11458,-12886,13216,11124,7792,-12060,2
-9688,-9139,6904,9812,7352,-16620,2
-1540,5113,-2322,6188,10464,-15256,2
1380,12178,-4857,3736,11168,-12800,2
6387,13705,-7282,1876,12184,-9244,2
8114,10600,-8631,2556,13856,-4424,2
3902,7350,-6534,7484,15432,-5956,2
1741,3722,-1042,7864,13964,-7860,2
3819,-2616,-1080,10108,12844,-5164,2
-2450,-7504,8671,11120,13132,-6080,2
-7870,-13099,11271,11272,7032,-10216,2
-7864,-10001,8030,11308,6176,-12392,2
-590,14139,-7403,1232,9416,-14468,2
6881,14349,-11664,-1076,10404,-11460,2
8196,13801,-13332,1920,16448,-4348,2
5185,6674,-5582,5836,17256,-4260,2
3578,-2126,2376,7352,15544,-1436,2
-8167,-10794,13650,10136,12308,-4284,2
-10701,-15261,13409,9212,6416,-9996,2
-6039,-11129,6174,10648,5276,-16396,2
-8790,1884,2046,6504,6460,-20212,2
518,7480,-6115,3864,9008,-16568,2
-137,9224,-4510,1108,8776,-14416,2
7969,14900,-11364,-316,11948,-10620,2
10369,12131,-11071,1840,15684,-5008,2
5713,2465,-3120,5808,15972,-1596,2
-4049,-4493,7961,9628,13952,-3040,2
-14418,-17246,11952,10472,9944,-8412,2
-9008,-16361,9253,10952,9912,-13024,2
-3453,-10719,7881,8256,5352,-23224,2
-2218,3571,1332,4412,3756,-21740,2
2248,17135,-9504,-2768,7732,-18776,2
10782,18269,-16888,-2132,14192,-7000,2
3514,7453,-8866,4404,18176,-1920,2
1440,-7258,4595,8320,14588,-3832,2
-3843,-14792,13253,10608,12440,-5604,2
-14849,-14949,14972,14196,6396,-12992,2
-11087,-7125,11357,8912,4428,-21788,2
-1918,-1119,2755,468,5320,-22004,2
2330,17249,-10168,-812,11380,-17604,2
9929,15622,-8721,1132,13792,-7744,2
9230,10710,-11153,3976,17736,-1036,2
-4025,-4648,4571,9980,15544,-2120,2
-8496,-10550,8201,10568,8760,-11272,2
-11086,-7869,6723,9816,7848,-14356,2
-8753,-1943,5381,9804,8052,-14184,2
-3380,-1049,4788,7356,6672,-14300,2
-1463,3169,-969,5368,8836,-17340,2
49,10264,-9138,2024,8704,-13460,2
5971,12023,-7554,1832,12196,-10604,2
7940,13015,-9036,3524,17360,-6780,2
7806,8083,-7842,5832,16284,-3312,2
-720,-341,249,7452,6492,-13780,2
-568,641,-1142,8748,8736,-12768,2
-892,455,-363,8204,7708,-12348,2
-1339,18,-336,7876,7764,-11904,2
-1461,-855,-406,8968,7272,-11028,2
-4142,-1224,101,13748,6484,-11488,2
-4901,-64,1789,11948,5712,-16300,2
-3947,4619,-2057,2600,6020,-18056,2
3232,11598,-10194,-920,7980,-16868,2
9048,17728,-15748,-3104,11472,-13232,2
394,-1847,1036,7020,8924,-10348,2
-582,-2567,1102,7948,8508,-11360,2
-1234,227,-1639,7392,7660,-13788,2
-959,-1437,-112,7248,10124,-7708,2
-10823,-1989,2273,15680,8972,-11364,2
-2681,-4775,10037,9276,5528,-20312,2
-4853,10923,-4657,-2640,5220,-20196,2
6446,18201,-13323,-5452,9324,-15092,2
15130,14223,-19039,-1352,20668,-3952,2
75,9321,-10490,5336,20540,-1644,2
-2228,-103,-1390,12076,6584,-11692,2
-1503,4283,2606,9476,4180,-20124,2
3241,9392,823,-1140,2148,-18720,2
6483,15869,-16209,-3592,7172,-15740,2
14831,14908,-20131,-1444,17996,-6148,2
5598,5595,-9189,5564,23016,1368,2
-3211,-13685,9729,8944,18112,-1668,2
-12689,-19856,22281,10272,8508,-13820,2
-8383,-13633,14370,8440,3752,-17804,2
-10143,-3357,6769,7204,2964,-15684,2
3001,-1843,-1063,8132,11004,-5964,2
-6800,-5984,6675,11840,8876,-10152,2
-4641,-6325,5035,6956,8040,-8804,2
-6053,-9978,8287,8672,10320,-9748,2
-13727,-7491,11722,10772,10292,-10200,2
-8653,-10593,13323,9116,7128,-15064,2
-7100,-1018,6333,4420,4364,-20576,2
-1156,9140,-7236,1400,6800,-17456,2
4634,13861,-11029,1144,10584,-13064,2
9894,16036,-14123,-1232,13724,-10876,2
-1146,465,-439,11212,10152,-6904,0
-561,1028,-1812,9676,15556,-8604,0
-541,274,-149,11148,9392,-7048,0
-2148,129,-1688,11680,10304,-7036,0
-154,-1168,-1177,10356,9996,-7376,0
-752,-3832,-5217,9372,11228,-7564,0
230,-1846,-2635,8852,12144,-9052,0
207,-3828,-6419,7712,14568,-11056,0
-2183,-2875,-11807,5384,16568,-11420,0
-758,-1479,955,3204,7592,-11368,0
-1341,3279,2271,8772,14084,-3744,0
202,1289,1999,8352,15356,-3436,0
668,2127,3400,10132,13320,-3272,0
1004,557,4185,10632,12956,-3960,0
1460,1062,4139,11460,11596,-4328,0
2470,1180,5852,12028,10264,-3636,0
961,-226,7004,13632,9468,-3512,0
-2055,-4128,1067,13848,7960,-3332,0
-1620,-5366,3946,14848,6480,-4704,0
-1478,-4282,4416,15264,5496,-9188,0
-463,178,-2453,11384,3712,-10592,0
-772,-1172,-978,10772,3896,-12552,0
-1418,2042,-702,10528,4108,-13720,0
-3338,3241,662,10696,3216,-10988,0
-2893,129,-642,11724,3784,-10904,0
-2125,-568,-892,12000,4352,-11300,0
-2353,63,17,11452,4076,-11832,0
-1051,1540,315,10872,3716,-10928,0
-583,741,-385,11112,5160,-12248,0
-763,1876,-2008,11024,5136,-10588,0
-2314,1096,-1934,5872,13320,-5736,0
-3102,2073,-335,6008,12848,-5972,0
-3420,876,-1834,4892,14356,-4816,0
-4660,1775,-2052,4896,14248,-4476,0
-5512,1554,-1721,4292,16116,-3736,0
-6173,109,-5976,4264,16492,-2668,0
-3464,485,-4237,3864,16720,-2572,0
-3236,-16,-2984,2588,15412,-1516,0
-4947,37,-2756,-92,13776,1136,0
-7555,1426,-8123,184,12748,1944,0
3695,796,8717,10140,9824,-9148,0
2061,600,6969,10380,7592,-9808,0
1727,1327,5064,12268,6800,-9560,0
2497,-210,7203,12952,5752,-11228,0
3358,599,8803,13308,3728,-9908,0
2888,1521,12657,12572,404,-9360,0
887,974,13511,12392,-5060,-8052,0
141,716,4861,11112,-1912,-8176,0
-159,-1284,10008,14488,-9468,-11616,0
1045,-209,1072,13148,-3288,-11600,0
-3005,1334,-348,2248,-1508,-16556,0
-2617,1947,-1679,2740,-2636,-16360,0
-3007,2082,-3064,3040,-712,-16324,0
-1807,950,-2735,3664,-276,-14140,0
-3702,2429,-2369,3496,-992,-16564,0
-2178,-390,-3488,5124,-80,-15912,0
-6229,2863,-1010,4324,-976,-16988,0
-2087,3910,-8185,3400,3792,-15432,0
3763,-2978,-10197,344,3372,-9240,0
-11320,2216,-620,4996,88,-13048,0
-1580,660,715,5232,12848,-11420,0
5457,-550,-890,5196,13516,-15248,0
-13178,12399,19394,8952,2568,-7624,0
8267,-7539,-17418,4488,5156,-1568,0
8987,-32563,32723,-4488,32767,-32768,0
-9530,10792,14536,2680,5964,-5080,0
-3035,-1364,-2105,5624,5348,-2876,0
11985,-19491,-27341,6344,20316,-26372,0
3437,6652,4987,4072,12208,-8928,0
-11495,3854,4554,4200,-1296,1132,0
-11583,-14644,-19899,2212,2368,-8812,0
-5562,9033,11696,1496,12880,-10768,0
-937,333,5503,4036,6120,-5200,0
-307,-8738,-12338,3216,8804,-16152,0
-2610,1859,-858,1172,15968,-13000,0
-8966,8511,12369,4080,1812,-2892,0
3556,-8742,-13446,2824,11988,-11832,0
4198,6119,4362,2656,18184,-15952,0
-10001,7733,13671,3876,1372,-6836,0
1255,-9800,-13648,2764,10532,-7840,0
5772,-372,-2634,2764,7132,-10852,0
-3945,1342,63,2692,6820,-9092,0
-3845,7053,2391,-4804,5724,-14352,0
-2410,-2784,4439,3096,11380,-10332,0
70,-611,157,5876,14200,-10288,0
-1332,213,499,6168,10248,-9980,0
-771,1027,-584,5668,11624,-9600,0
-1401,1482,-1668,4528,12472,-9512,0
-478,410,-3721,7056,8188,-8236,0
-11318,-4971,4190,3328,17792,-15392,0
-1242,-11,-315,5848,14196,-6176,0
-266,-27,-1592,4988,14112,-7352,0
-2059,873,-394,7664,12232,-6612,0
4003,-3739,-1333,7172,16552,-11496,0
-2163,5814,1796,2924,11996,-7248,0
1581,6882,-2234,4096,8988,-8540,0
3589,5762,-3471,6004,12432,-5792,0
2013,4793,-4544,6344,12404,-7528,0
1926,1679,-1611,6176,14404,-6408,0
-258,897,1018,7676,12848,-5516,0
6742,-8013,-12354,4600,8620,-9412,0
3037,1829,2699,2600,23880,-20068,0
-7825,4573,6837,5544,6196,-2760,0
689,-3142,-7477,4376,10952,-10272,0
874,5920,4502,2192,14868,-12824,0
262,102,-1038,6636,4076,-6680,0
2247,-2250,-6921,360,18072,-9532,0
-2764,-764,3931,3932,9860,-9760,0
6125,-435,-10950,2616,10472,-8320,0
281,3842,3845,1796,13608,-10840,0
-6118,1663,8921,5616,1900,-8612,0
14713,677,8531,-14776,8804,-15692,0
377,535,3912,452,12784,-12608,0
-5232,2853,684,5116,-2400,-9160,0
1247,-1006,-7577,28,32767,-23396,0
-1394,-329,5581,892,15444,-11712,0
9,271,-65,4276,-452,-12704,0
-1573,-1561,-4494,20,18788,-10336,0
-3195,1278,4638,1928,10540,-14532,0
-683,979,-861,4520,5000,-9188,0
1084,-3609,-7892,1236,2644,-9204,0
1409,871,2016,1788,15664,-14104,0
-5345,373,2284,2784,1076,-11836,0
-800,-1410,-2915,252,12664,-13676,0
746,358,4389,-28,13512,-12296,0
-932,1644,-3586,916,2656,-11020,0
-5146,866,1046,724,10160,-10792,0
1372,-1250,-153,1328,13012,-14316,0
1868,611,-2276,684,8972,-12500,0
1367,-820,-2703,1288,9132,-12756,0
-817,3378,-4794,1968,12392,-9548,0
-2622,1955,645,3612,11064,-12052,0
-1115,3655,12722,2876,12176,-7980,0
7706,-5314,-9234,4136,10928,-12768,0
-3164,-344,40,4188,12060,-13356,0
-5013,-10150,-7715,1704,204,-14076,0
1214,804,1197,3792,11224,-11032,0
-3898,1501,6731,3400,8136,-10056,0
774,-1243,-2708,4780,12244,-13528,0
212,-2141,-2349,3392,7752,-12012,0
-3772,1708,1474,3572,9236,-11140,0
3245,-1706,-6172,3076,13000,-13616,0
-2205,1763,278,3664,9304,-9984,0
971,-860,-2811,3068,13260,-11796,0
-1569,828,2173,2552,9788,-12540,0
-110,-1280,-3724,4104,10176,-12404,0
-1256,589,255,2152,12976,-14724,0
-4589,404,648,3304,7676,-8972,0
-1874,293,3553,1768,11276,-11824,0
29,306,-1649,2356,10988,-12072,0
-3752,2972,3157,4784,11044,-18048,0
-9454,735,3255,3940,4676,-10340,0
-1264,365,-605,4352,8260,-8044,0
934,-246,1737,5656,11008,-10212,0
976,-3957,-3171,8052,5920,-11384,0
-2186,-115,2902,9268,8804,-13724,0
-4357,1875,5918,7692,7064,-11928,0
2200,-2559,12948,-11172,7856,-27620,0
-4845,3730,5280,2168,10560,-17244,0
-5214,3759,-874,3168,4072,-10192,0
477,-839,-1924,8140,11900,-8300,0
8563,-4080,-6319,7860,15892,-12208,0
-906,-1969,-74,7856,7016,-12420,0
-6629,-5248,-1891,4968,10576,-18364,0
-3980,3234,2847,2240,11028,-15256,0
-1519,-431,-1836,2808,5868,-10332,0
-14606,7366,9498,6096,3904,-14136,0
5150,-1544,-3652,6908,13524,-6608,0
-452,-3429,-7539,8580,4660,-4420,0
-3101,-3357,9459,6144,10904,-17500,0
-7903,947,1203,5952,836,-3768,0
-9932,2289,5016,7976,5604,-5404,0
-4797,2262,-7616,13268,25228,-4292,0
5459,-5019,-3590,4644,14908,-15460,0
-359,1503,1525,-208,14640,-13968,0
-6838,2380,5872,2500,8384,-13032,0
3350,1562,-2558,3952,10600,-13756,0
4539,1642,-3985,6156,6680,-10040,0
515,-732,-2392,7792,7340,-6376,0
447,-3662,-3386,6640,10516,-10372,0
4743,-3962,-2459,3388,15600,-10328,0
-274,-2066,-417,2120,9368,-18304,0
-6305,5578,8111,640,10540,-13356,0
-351,2623,-5198,3640,6168,-9584,0
-1478,-298,-2021,4644,10612,-10408,0
1880,-736,-2693,4892,14200,-11660,0
-1423,3232,2274,4252,13376,-11244,0
1293,1305,-1528,4392,11552,-9684,0
-157,368,-519,4684,10040,-11752,0
1391,-381,26,4652,11624,-10868,0
-8485,4168,5226,6080,10264,-8788,0
-2153,-2027,-2204,6160,11616,-8020,0
-4304,-1532,-651,5224,12056,-7288,0
1561,958,-5461,4064,16500,-11072,0
118,676,-148,5444,14028,-6248,0
2452,-1824,-6743,3912,12280,-11020,0
-1564,2869,-2107,3644,11692,-8704,0
233,3641,177,2144,16524,-4332,0
3267,-3449,-2741,2696,15456,-10680,0
-748,-2670,2786,232,12020,-9792,0
88,283,640,7152,13404,-11420,0
-2877,202,-1466,6568,8744,-9696,0
-2129,875,-1433,5376,8764,-10740,0
-1854,955,-1122,6528,10028,-10368,0
3728,-2721,-1367,5364,11760,-10064,0
409,-1344,-2165,6460,11348,-13168,0
1632,-2566,-3007,5428,10920,-13024,0
-1845,327,-985,5056,11720,-12712,0
1493,-172,-1852,3288,9128,-15040,0
-6053,4131,-718,7364,6620,-14972,0
-8782,-212,19317,7168,4340,-5024,0
2074,-3591,1531,10244,12228,-8392,0
1251,-5557,-2427,9216,6772,-9376,0
-7642,2348,8238,9208,4400,-11432,0
1569,3125,-6980,10112,15508,-11128,0
2501,4287,-6610,9452,10660,-6316,0
-5520,2028,-2786,8044,9924,-6276,0
-8946,-742,5993,10200,5840,-9548,0
-4099,-3225,6142,9700,6196,-12236,0
-2589,770,-8359,8236,8568,-8224,0
-4734,-3350,2162,8832,11640,-8384,0
-5245,-4416,-4151,8152,10112,-8440,0
-5451,1428,7266,3464,12556,-7120,0
7523,5308,-12130,-448,17956,-7512,0
-853,3761,-10411,-656,6288,-7460,0
-7611,5862,-5042,-2832,19828,-5904,0
10682,2469,-19135,-3068,16060,-4724,0
4547,774,-10190,-2944,14600,-7328,0
-7876,79,2633,-5728,10828,-7680,0
745,4973,12019,-4464,10840,-10088,0
17752,-5212,7951,-968,15844,248,0
14825,-5609,6986,-272,12016,-8944,0
18948,-3625,408,-432,14532,-8804,0
8755,-5337,5640,1068,5804,-14312,0
4352,-3314,4181,-212,5652,-14088,0
4753,-1778,80,-536,9456,-17948,0
-7344,337,2195,-864,6800,-14308,0
-14712,1947,-320,428,7564,-15596,0
-18032,6179,-3865,-116,10540,-11268,0
-17641,7396,-2734,-420,13024,-3228,0
2662,-3544,-2731,6492,13132,-6344,0
639,-182,7254,5348,10836,-8528,0
-2784,-1544,1898,2296,9912,-7876,0
2975,-661,5729,844,11040,-8544,0
16573,-4923,-15878,-908,10348,-9796,0
12627,511,-7814,-2580,7688,-12640,0
-379,-1502,-259,-96,1012,-14020,0
-792,-973,4987,-2340,6332,-15780,0
-11248,-1110,5945,-1160,4944,-19276,0
-18736,502,4581,-1576,8180,-15796,0
-8688,4886,-6853,2596,12484,-304,0
-7080,5073,-5669,3368,17360,-4668,0
2168,3168,-2738,2224,18348,2184,0
10938,-6217,-443,1612,16540,3212,0
9703,-6235,7949,2116,12448,-6772,0
22928,-8616,339,-444,15892,-5864,0
13647,-6766,4939,-740,8084,-11536,0
5977,-3731,-2066,-472,6764,-14920,0
2432,-2240,-4525,-2004,7716,-15928,0
-9385,2635,5302,-3024,6060,-17372,0
4404,-2188,-7445,6808,12348,-10712,0
3782,-2292,-227,4508,15828,-9380,0
-4193,-1552,6996,3080,14204,-12956,0
3822,-1294,-4064,3580,13592,-10284,0
332,-190,-2633,3672,9912,-10160,0
-1316,-503,221,3164,13164,-10488,0
1022,-932,-1907,3580,13140,-11988,0
1817,-1125,-2534,3260,9224,-10224,0
-3601,-2421,-32,840,9912,-11880,0
-2396,803,902,2396,13732,-11292,0
-2498,5804,5342,3488,12044,-9876,0
-1018,2529,-1581,3120,9832,-5236,0
148,-1481,-2554,3424,10628,-7456,0
-1617,-578,-2660,4804,12728,-10060,0
-1509,-968,-1403,4128,14120,-10172,0
-1467,-441,-395,3624,13832,-10336,0
2179,-536,-1830,3416,16056,-10840,0
520,-637,-1692,2944,12604,-11032,0
-127,868,-3944,3008,12936,-9796,0
121,-549,-2677,2700,11212,-9240,0
